VIN,YEAR,MAKE_NAME,MODEL_NAME,SERIES_NAME,ODOMETER,GRADE,MATURITY_DATE,RESIDUAL,GROUNDING_DATE,DEALER_NAME,DEALER_CODE,LOCATION,STATE,ZIPCODE,TERM_TYPE,TERM,CURRENT_ITERATION,BLACKBOOK_RETAIL_CLEAN_AMOUNT,BATCH_ID
VIN_XXXXXXXXXX001,2023,HYUNDAI,IONIQ 5,Limited,16444,A,1/25/2026,22900,2/1/2026,Dealer_WW,D049,"Carson City, NV",NV,89701,FT,13,2,35900,BATCH_003
VIN_XXXXXXXXXX002,2024,HYUNDAI,IONIQ 5,SEL,13931,A,1/28/2026,25150,11/20/2025,Dealer_J,D010,"Philadelphia, PA",PA,19101,ET,13,1,39450,BATCH_003
VIN_XXXXXXXXXX003,2024,HYUNDAI,IONIQ 5,SEL,11241,A,2/1/2026,26800,11/30/2025,Dealer_S,D019,"Detroit, MI",MI,48201,FT,13,1,42000,BATCH_003
VIN_XXXXXXXXXX004,2023,HYUNDAI,IONIQ 5,Limited,27864,B,2/1/2026,20700,11/8/2025,Dealer_B,D002,"Sacramento, CA",CA,95814,FT,13,2,33000,BATCH_001
VIN_XXXXXXXXXX005,2024,HYUNDAI,IONIQ 5,SEL,9416,A,12/28/2025,25700,10/15/2025,Dealer_AA,D027,"Nashville, TN",TN,37201,ET,13,1,40750,BATCH_003
VIN_XXXXXXXXXX006,2022,HYUNDAI,IONIQ 5,SE,30846,B,10/20/2025,17200,11/28/2025,Dealer_S,D019,"Detroit, MI",MI,48201,FT,13,4,29000,BATCH_002
VIN_XXXXXXXXXX007,2024,HYUNDAI,IONIQ 5,SEL,7876,A,2/2/2026,24300,10/12/2025,Dealer_Q,D017,"Juneau, AK",AK,99801,FT,13,1,38550,BATCH_003
VIN_XXXXXXXXXX008,2022,HYUNDAI,IONIQ 5,SE,34120,B,12/15/2025,15850,10/25/2025,Dealer_HH,D034,"Houston, TX",TX,77001,ET,13,4,26500,BATCH_002
VIN_XXXXXXXXXX009,2024,HYUNDAI,IONIQ 5,SEL,9854,A,12/20/2025,25500,10/8/2025,Dealer_KK,D037,"Boise, ID",ID,83702,FT,13,1,40500,BATCH_003
VIN_XXXXXXXXXX010,2024,HYUNDAI,IONIQ 5,SEL,13702,A,12/18/2025,25200,10/28/2025,Dealer_S,D019,"Detroit, MI",MI,48201,FT,13,1,39550,BATCH_003
VIN_XXXXXXXXXX011,2022,HYUNDAI,IONIQ 5,SE,39261,B,12/15/2025,20300,10/20/2025,Dealer_OO,D041,"Oklahoma City, OK",OK,73101,FT,13,4,34250,BATCH_002
VIN_XXXXXXXXXX012,2024,HYUNDAI,IONIQ 5,SEL,11697,A,12/30/2025,23900,10/15/2025,Dealer_K,D011,"Des Moines, IA",IA,50309,ET,13,1,37350,BATCH_003
VIN_XXXXXXXXXX013,2022,HYUNDAI,IONIQ 5,SE,41091,C,10/30/2025,16400,11/20/2025,Dealer_Q,D017,"Juneau, AK",AK,99801,ET,13,3,29300,BATCH_002
VIN_XXXXXXXXXX014,2022,HYUNDAI,IONIQ 5,SE,25729,B,10/15/2025,19450,12/10/2025,Dealer_V,D022,"Minneapolis, MN",MN,55401,ET,13,4,32600,BATCH_002
VIN_XXXXXXXXXX015,2022,HYUNDAI,IONIQ 5,SE,46040,C,10/22/2025,16300,11/28/2025,Dealer_KK,D037,"Boise, ID",ID,83702,ET,13,3,29850,BATCH_002
VIN_XXXXXXXXXX016,2024,HYUNDAI,IONIQ 5,SEL,6629,A,12/22/2025,28300,10/15/2025,Dealer_R,D018,"Wilmington, DE",DE,19801,FT,13,1,45400,BATCH_003
VIN_XXXXXXXXXX017,2022,HYUNDAI,IONIQ 5,SE,40748,C,10/15/2025,13100,1/18/2026,Dealer_K,D011,"Des Moines, IA",IA,50309,ET,13,4,23900,BATCH_002
VIN_XXXXXXXXXX018,2022,HYUNDAI,IONIQ 5,SE,37066,C,11/22/2025,16150,2/1/2026,Dealer_C,D003,"Albuquerque, NM",NM,87101,ET,13,3,29150,BATCH_002
VIN_XXXXXXXXXX019,2022,HYUNDAI,IONIQ 5,SE,40227,C,11/28/2025,15250,12/30/2025,Dealer_GG,D033,"Los Angeles, CA",CA,90210,FT,13,3,27250,BATCH_002
VIN_XXXXXXXXXX020,2023,HYUNDAI,IONIQ 5,Limited,24234,B,11/5/2025,19500,1/22/2026,Dealer_GG,D033,"Los Angeles, CA",CA,90210,FT,13,2,30950,BATCH_001
VIN_XXXXXXXXXX021,2023,HYUNDAI,IONIQ 5,SEL,11852,A,11/15/2025,20150,12/20/2025,Dealer_GG,D033,"Los Angeles, CA",CA,90210,FT,13,2,31500,BATCH_001
VIN_XXXXXXXXXX022,2022,HYUNDAI,IONIQ 5,SE,29774,B,11/18/2025,16700,2/1/2026,Dealer_NN,D040,"Little Rock, AR",AR,72201,ET,13,4,28200,BATCH_002
VIN_XXXXXXXXXX023,2023,HYUNDAI,IONIQ 5,Limited,19545,B,2/2/2026,23350,12/30/2025,Dealer_HH,D034,"Houston, TX",TX,77001,ET,13,2,37200,BATCH_001
VIN_XXXXXXXXXX024,2022,HYUNDAI,IONIQ 5,SE,27330,B,11/30/2025,16050,2/2/2026,Dealer_LL,D038,"Miami, FL",FL,33101,FT,13,4,26700,BATCH_002
VIN_XXXXXXXXXX025,2023,HYUNDAI,IONIQ 5,Limited,27425,B,1/30/2026,20600,12/12/2025,Dealer_B,D002,"Sacramento, CA",CA,95814,FT,13,2,32750,BATCH_001
VIN_XXXXXXXXXX026,2022,HYUNDAI,IONIQ 5,SE,35704,C,12/18/2025,18350,10/22/2025,Dealer_F,D006,"Olympia, WA",WA,98501,FT,13,3,33050,BATCH_002
VIN_XXXXXXXXXX027,2022,HYUNDAI,IONIQ 5,SE,47765,C,11/30/2025,13150,12/30/2025,Dealer_XX,D050,"Salem, OR",OR,97301,ET,13,4,23750,BATCH_002
VIN_XXXXXXXXXX028,2023,HYUNDAI,IONIQ 5,Limited,22898,B,2/2/2026,18100,12/8/2025,Dealer_C,D003,"Albuquerque, NM",NM,87101,ET,13,2,28850,BATCH_001
VIN_XXXXXXXXXX029,2023,HYUNDAI,IONIQ 5,Limited,19601,A,1/10/2026,21500,12/15/2025,Dealer_R,D018,"Wilmington, DE",DE,19801,FT,13,2,33700,BATCH_001
VIN_XXXXXXXXXX030,2024,HYUNDAI,IONIQ 5,SEL,10345,A,10/28/2025,21500,12/12/2025,Dealer_JJ,D036,"San Diego, CA",CA,92101,ET,13,1,33700,BATCH_003
VIN_XXXXXXXXXX031,2024,HYUNDAI,IONIQ 5,SEL,7826,A,11/30/2025,27200,12/10/2025,Dealer_E,D005,"Seattle, WA",WA,98101,FT,13,1,43500,BATCH_003
VIN_XXXXXXXXXX032,2023,HYUNDAI,IONIQ 5,Limited,29391,B,2/1/2026,17950,11/12/2025,Dealer_PP,D042,"Milwaukee, WI",WI,53201,FT,13,2,28700,BATCH_001
VIN_XXXXXXXXXX033,2024,HYUNDAI,IONIQ 5,SEL,9136,A,12/25/2025,27900,10/28/2025,Dealer_TT,D046,"Providence, RI",RI,2901,ET,13,1,44050,BATCH_003
VIN_XXXXXXXXXX034,2022,HYUNDAI,IONIQ 5,SE,31874,B,11/28/2025,18100,1/25/2026,Dealer_W,D023,"Atlanta, GA",GA,30303,ET,13,4,30550,BATCH_002
VIN_XXXXXXXXXX035,2023,HYUNDAI,IONIQ 5,Limited,27991,B,1/30/2026,21600,11/8/2025,Dealer_I,D009,"Charleston, SC",SC,29401,ET,13,2,34450,BATCH_001
VIN_XXXXXXXXXX036,2023,HYUNDAI,IONIQ 5,Limited,21428,B,2/1/2026,19900,11/10/2025,Dealer_MM,D039,"Buffalo, NY",NY,14201,FT,13,2,31700,BATCH_001
VIN_XXXXXXXXXX037,2024,HYUNDAI,IONIQ 5,SEL,11179,A,10/25/2025,25700,11/22/2025,Dealer_M,D013,"Dallas, TX",TX,75201,FT,13,1,40750,BATCH_003
VIN_XXXXXXXXXX038,2022,HYUNDAI,IONIQ 5,SE,35941,C,12/28/2025,14600,10/15/2025,Dealer_EE,D031,"Salt Lake City, UT",UT,84101,FT,13,4,25950,BATCH_003
VIN_XXXXXXXXXX039,2023,HYUNDAI,IONIQ 5,Limited,20567,A,11/25/2025,23450,11/18/2025,Dealer_J,D010,"Philadelphia, PA",PA,19101,ET,13,2,36800,BATCH_002
VIN_XXXXXXXXXX040,2023,HYUNDAI,IONIQ 5,Limited,22906,B,2/1/2026,17700,11/10/2025,Dealer_Q,D017,"Juneau, AK",AK,99801,ET,13,2,28200,BATCH_001
VIN_XXXXXXXXXX041,2023,HYUNDAI,IONIQ 5,Limited,21926,A,10/30/2025,22600,12/5/2025,Dealer_N,D014,"Las Vegas, NV",NV,89101,ET,13,2,35100,BATCH_002
VIN_XXXXXXXXXX042,2023,HYUNDAI,IONIQ 5,Limited,26613,B,1/15/2026,21350,11/30/2025,Dealer_VV,D048,"Lincoln, NE",NE,68508,ET,13,2,34100,BATCH_001
VIN_XXXXXXXXXX043,2022,HYUNDAI,IONIQ 5,SE,47343,C,12/28/2025,16400,10/15/2025,Dealer_Z,D026,"Cheyenne, WY",WY,82001,ET,13,4,29850,BATCH_002
VIN_XXXXXXXXXX044,2022,HYUNDAI,IONIQ 5,SE,41333,C,10/28/2025,13650,12/10/2025,Dealer_X,D024,"Helena, MT",MT,59601,FT,13,3,24850,BATCH_002
VIN_XXXXXXXXXX045,2023,HYUNDAI,IONIQ 5,Limited,22073,A,1/25/2026,24300,11/20/2025,Dealer_FF,D032,"Birmingham, AL",AL,35203,ET,13,2,38050,BATCH_001
VIN_XXXXXXXXXX046,2022,HYUNDAI,IONIQ 5,SE,36083,C,12/25/2025,13450,10/15/2025,Dealer_B,D002,"Sacramento, CA",CA,95814,FT,13,4,24500,BATCH_002
VIN_XXXXXXXXXX047,2022,HYUNDAI,IONIQ 5,SE,30422,B,11/20/2025,15650,2/1/2026,Dealer_V,D022,"Minneapolis, MN",MN,55401,ET,13,4,26250,BATCH_002
VIN_XXXXXXXXXX048,2022,HYUNDAI,IONIQ 5,SE,40135,C,10/15/2025,17450,11/30/2025,Dealer_GG,D033,"Los Angeles, CA",CA,90210,FT,13,3,31800,BATCH_002
VIN_XXXXXXXXXX049,2022,HYUNDAI,IONIQ 5,SE,41868,C,12/10/2025,16150,10/20/2025,Dealer_CC,D029,"Jackson, MS",MS,39201,FT,13,3,29350,BATCH_002
VIN_XXXXXXXXXX050,2022,HYUNDAI,IONIQ 5,SE,46271,C,11/8/2025,15200,2/2/2026,Dealer_F,D006,"Olympia, WA",WA,98501,FT,13,4,27500,BATCH_002
VIN_XXXXXXXXXX051,2022,HYUNDAI,IONIQ 5,SE,36196,B,12/18/2025,15700,10/18/2025,Dealer_A,D001,"Portland, OR",OR,97201,ET,13,4,26900,BATCH_002
VIN_XXXXXXXXXX052,2024,HYUNDAI,IONIQ 5,SEL,10836,A,12/15/2025,21500,10/15/2025,Dealer_C,D003,"Albuquerque, NM",NM,87101,ET,13,1,34000,BATCH_003
VIN_XXXXXXXXXX053,2023,HYUNDAI,IONIQ 5,Limited,22876,B,1/12/2026,21400,11/15/2025,Dealer_F,D006,"Olympia, WA",WA,98501,FT,13,2,34250,BATCH_003
VIN_XXXXXXXXXX054,2022,HYUNDAI,IONIQ 5,SE,39019,C,12/8/2025,15400,10/15/2025,Dealer_W,D023,"Atlanta, GA",GA,30303,ET,13,3,27950,BATCH_002
VIN_XXXXXXXXXX055,2022,HYUNDAI,IONIQ 5,SE,36644,C,1/15/2026,13550,11/28/2025,Dealer_CC,D029,"Jackson, MS",MS,39201,ET,13,3,25100,BATCH_001
VIN_XXXXXXXXXX056,2023,HYUNDAI,IONIQ 5,Limited,19249,A,2/1/2026,18700,11/12/2025,Dealer_FF,D032,"Birmingham, AL",AL,35203,ET,13,2,29700,BATCH_001
VIN_XXXXXXXXXX057,2023,HYUNDAI,IONIQ 5,Limited,27777,B,2/2/2026,21900,12/18/2025,Dealer_X,D024,"Helena, MT",MT,59601,FT,13,2,34850,BATCH_001
VIN_XXXXXXXXXX058,2024,HYUNDAI,IONIQ 5,SEL,7689,A,10/20/2025,23550,12/18/2025,Dealer_J,D010,"Philadelphia, PA",PA,19101,ET,13,1,37600,BATCH_003
VIN_XXXXXXXXXX059,2024,HYUNDAI,IONIQ 5,SEL,9830,A,1/8/2026,23600,11/18/2025,Dealer_M,D013,"Dallas, TX",TX,75201,FT,13,1,37350,BATCH_003
VIN_XXXXXXXXXX060,2024,HYUNDAI,IONIQ 5,SEL,11566,A,1/20/2026,22950,1/5/2026,Dealer_TT,D046,"Providence, RI",RI,2901,FT,13,1,36250,BATCH_001
VIN_XXXXXXXXXX061,2024,HYUNDAI,IONIQ 5,SEL,9781,A,12/12/2025,21150,10/25/2025,Dealer_JJ,D036,"San Diego, CA",CA,92101,ET,13,1,33450,BATCH_003
VIN_XXXXXXXXXX062,2022,HYUNDAI,IONIQ 5,SE,30739,B,12/10/2025,16800,10/18/2025,Dealer_XX,D050,"Salem, OR",OR,97301,ET,13,4,28100,BATCH_002
VIN_XXXXXXXXXX063,2024,HYUNDAI,IONIQ 5,SEL,8619,A,10/20/2025,20950,1/20/2026,Dealer_J,D010,"Philadelphia, PA",PA,19101,ET,13,1,33050,BATCH_003
VIN_XXXXXXXXXX064,2023,HYUNDAI,IONIQ 5,Limited,25167,B,2/2/2026,18100,12/30/2025,Dealer_VV,D048,"Lincoln, NE",NE,68508,ET,13,2,28800,BATCH_001
VIN_XXXXXXXXXX065,2023,HYUNDAI,IONIQ 5,Limited,23092,B,1/18/2026,19650,1/12/2026,Dealer_O,D015,"Boston, MA",MA,2101,ET,13,2,31350,BATCH_001
VIN_XXXXXXXXXX066,2024,HYUNDAI,IONIQ 5,SEL,7753,A,10/12/2025,21550,12/22/2025,Dealer_I,D009,"Charleston, SC",SC,29401,ET,13,1,34000,BATCH_003
VIN_XXXXXXXXXX067,2022,HYUNDAI,IONIQ 5,SE,40630,C,11/28/2025,14600,2/2/2026,Dealer_DD,D030,"San Antonio, TX",TX,78201,FT,13,4,26450,BATCH_002
VIN_XXXXXXXXXX068,2024,HYUNDAI,IONIQ 5,SEL,8397,A,10/25/2025,25650,2/2/2026,Dealer_Z,D026,"Cheyenne, WY",WY,82001,ET,13,1,40850,BATCH_003
VIN_XXXXXXXXXX069,2024,HYUNDAI,IONIQ 5,SEL,10047,A,10/18/2025,24100,12/28/2025,Dealer_VV,D048,"Lincoln, NE",NE,68508,ET,13,1,38100,BATCH_003
VIN_XXXXXXXXXX070,2023,HYUNDAI,IONIQ 5,Limited,23171,A,11/15/2025,23200,1/12/2026,Dealer_W,D023,"Atlanta, GA",GA,30303,ET,13,2,36850,BATCH_001
VIN_XXXXXXXXXX071,2024,HYUNDAI,IONIQ 5,SEL,9108,A,1/15/2026,27200,11/12/2025,Dealer_C,D003,"Albuquerque, NM",NM,87101,ET,13,1,42950,BATCH_003
VIN_XXXXXXXXXX072,2024,HYUNDAI,IONIQ 5,SEL,9519,A,1/10/2026,26450,11/28/2025,Dealer_O,D015,"Boston, MA",MA,2101,FT,13,1,41900,BATCH_001
VIN_XXXXXXXXXX073,2024,HYUNDAI,IONIQ 5,SEL,6825,A,12/28/2025,23800,10/12/2025,Dealer_II,D035,"Denver, CO",CO,80202,FT,13,1,37700,BATCH_003
VIN_XXXXXXXXXX074,2022,HYUNDAI,IONIQ 5,SE,50028,C,12/25/2025,16350,12/28/2025,Dealer_II,D035,"Denver, CO",CO,80202,FT,13,3,29800,BATCH_002
VIN_XXXXXXXXXX075,2024,HYUNDAI,IONIQ 5,SEL,11574,A,10/30/2025,23900,11/30/2025,Dealer_O,D015,"Boston, MA",MA,2101,ET,13,1,37700,BATCH_003
VIN_XXXXXXXXXX076,2023,HYUNDAI,IONIQ 5,Limited,16616,A,1/12/2026,25300,12/15/2025,Dealer_LL,D038,"Miami, FL",FL,33101,FT,13,2,39750,BATCH_001
VIN_XXXXXXXXXX077,2022,HYUNDAI,IONIQ 5,SE,42159,C,11/28/2025,16250,2/2/2026,Dealer_L,D012,"Baton Rouge, LA",LA,70801,FT,13,4,29300,BATCH_002
VIN_XXXXXXXXXX078,2023,HYUNDAI,IONIQ 5,Limited,27514,B,1/18/2026,20650,12/15/2025,Dealer_SS,D045,"Tampa, FL",FL,33601,FT,13,2,33050,BATCH_001
VIN_XXXXXXXXXX079,2022,HYUNDAI,IONIQ 5,SE,30587,B,1/5/2026,18950,10/25/2025,Dealer_O,D015,"Boston, MA",MA,2101,FT,13,3,32350,BATCH_003
VIN_XXXXXXXXXX080,2022,HYUNDAI,IONIQ 5,SE,40042,C,11/18/2025,15100,2/1/2026,Dealer_G,D007,"Phoenix, AZ",AZ,85001,ET,13,4,27150,BATCH_002
VIN_XXXXXXXXXX081,2024,HYUNDAI,IONIQ 5,SEL,8456,A,1/18/2026,24100,11/30/2025,Dealer_Q,D017,"Juneau, AK",AK,99801,ET,13,1,38300,BATCH_003
VIN_XXXXXXXXXX082,2022,HYUNDAI,IONIQ 5,Limited,31136,B,12/8/2025,18950,1/15/2026,Dealer_HH,D034,"Houston, TX",TX,77001,ET,13,1,32150,BATCH_002
VIN_XXXXXXXXXX083,2022,HYUNDAI,IONIQ 5,SE,32144,C,11/12/2025,17050,2/1/2026,Dealer_Z,D026,"Cheyenne, WY",WY,82001,ET,13,3,30200,BATCH_002
VIN_XXXXXXXXXX084,2024,HYUNDAI,IONIQ 5,SEL,13001,A,12/15/2025,25700,10/30/2025,Dealer_XX,D050,"Salem, OR",OR,97301,ET,13,1,40650,BATCH_003
VIN_XXXXXXXXXX085,2022,HYUNDAI,IONIQ 5,SE,41738,C,12/30/2025,16700,10/22/2025,Dealer_Z,D026,"Cheyenne, WY",WY,82001,ET,13,3,30500,BATCH_002
VIN_XXXXXXXXXX086,2022,HYUNDAI,IONIQ 5,SE,41037,C,11/30/2025,19050,2/2/2026,Dealer_B,D002,"Sacramento, CA",CA,95814,FT,13,3,33400,BATCH_002
VIN_XXXXXXXXXX087,2022,HYUNDAI,IONIQ 5,SE,38757,B,11/8/2025,15350,12/15/2025,Dealer_X,D024,"Helena, MT",MT,59601,FT,13,4,26500,BATCH_002
VIN_XXXXXXXXXX088,2024,HYUNDAI,IONIQ 5,SEL,6773,A,1/28/2026,26050,11/15/2025,Dealer_JJ,D036,"San Diego, CA",CA,92101,ET,13,1,41500,BATCH_003
VIN_XXXXXXXXXX089,2024,HYUNDAI,IONIQ 5,SEL,13042,A,12/20/2025,20550,10/12/2025,Dealer_DD,D030,"San Antonio, TX",TX,78201,FT,13,1,32550,BATCH_003
VIN_XXXXXXXXXX090,2023,HYUNDAI,IONIQ 5,Limited,21432,B,2/2/2026,22550,11/22/2025,Dealer_V,D022,"Minneapolis, MN",MN,55401,ET,13,2,36600,BATCH_001
VIN_XXXXXXXXXX091,2023,HYUNDAI,IONIQ 5,Limited,14806,A,10/12/2025,24450,2/2/2026,Dealer_NN,D040,"Little Rock, AR",AR,72201,FT,13,2,38400,BATCH_002
VIN_XXXXXXXXXX092,2023,HYUNDAI,IONIQ 5,Limited,22962,A,11/28/2025,21350,1/25/2026,Dealer_RR,D044,"Hartford, CT",CT,6103,ET,13,2,33600,BATCH_001
VIN_XXXXXXXXXX093,2024,HYUNDAI,IONIQ 5,SEL,8855,A,12/10/2025,28100,11/8/2025,Dealer_H,D008,"Topeka, KS",KS,66603,FT,13,1,44500,BATCH_003
VIN_XXXXXXXXXX094,2022,HYUNDAI,IONIQ 5,SE,31845,B,11/10/2025,18400,12/28/2025,Dealer_D,D004,"Charlotte, NC",NC,28201,FT,13,4,30900,BATCH_002
VIN_XXXXXXXXXX095,2022,HYUNDAI,IONIQ 5,SE,30540,B,12/12/2025,16500,10/20/2025,Dealer_EE,D031,"Salt Lake City, UT",UT,84101,FT,13,4,27500,BATCH_002
VIN_XXXXXXXXXX096,2024,HYUNDAI,IONIQ 5,SEL,8689,A,10/30/2025,21650,11/18/2025,Dealer_MM,D039,"Buffalo, NY",NY,14201,FT,13,1,34300,BATCH_003
VIN_XXXXXXXXXX097,2022,HYUNDAI,IONIQ 5,SE,37856,C,11/12/2025,14250,12/25/2025,Dealer_II,D035,"Denver, CO",CO,80202,FT,13,3,25750,BATCH_002
VIN_XXXXXXXXXX098,2022,HYUNDAI,IONIQ 5,SE,37415,C,10/8/2025,17500,12/3/2025,Dealer_XX,D050,"Salem, OR",OR,97301,FT,13,3,31850,BATCH_001
VIN_XXXXXXXXXX099,2024,HYUNDAI,IONIQ 5,SEL,11610,A,12/30/2025,21650,10/28/2025,Dealer_Z,D026,"Cheyenne, WY",WY,82001,ET,13,1,34300,BATCH_003
VIN_XXXXXXXXXX100,2023,HYUNDAI,IONIQ 5,Limited,17977,A,1/18/2026,24050,12/28/2025,Dealer_N,D014,"Las Vegas, NV",NV,89101,FT,13,2,37900,BATCH_003
VIN_XXXXXXXXXX101,2024,HYUNDAI,IONIQ 5,SEL,8392,A,12/18/2025,24650,10/22/2025,Dealer_H,D008,"Topeka, KS",KS,66603,FT,13,1,38900,BATCH_003
VIN_XXXXXXXXXX102,2023,HYUNDAI,IONIQ 5,Limited,31875,B,1/12/2026,16050,11/28/2025,Dealer_C,D003,"Albuquerque, NM",NM,87101,ET,13,2,25600,BATCH_001
VIN_XXXXXXXXXX103,2022,HYUNDAI,IONIQ 5,SE,32820,B,12/15/2025,15000,10/28/2025,Dealer_T,D020,"Louisville, KY",KY,40201,ET,13,4,25400,BATCH_002
VIN_XXXXXXXXXX104,2024,HYUNDAI,IONIQ 5,SEL,8588,A,10/30/2025,21100,12/8/2025,Dealer_CC,D029,"Jackson, MS",MS,39201,FT,13,1,33700,BATCH_003
VIN_XXXXXXXXXX105,2022,HYUNDAI,IONIQ 5,SE,34777,C,10/25/2025,15900,1/25/2026,Dealer_M,D013,"Dallas, TX",TX,75201,FT,13,3,29200,BATCH_002
VIN_XXXXXXXXXX106,2024,HYUNDAI,IONIQ 5,SEL,10543,A,12/12/2025,24000,10/8/2025,Dealer_AA,D027,"Nashville, TN",TN,37201,FT,13,1,37600,BATCH_001
VIN_XXXXXXXXXX107,2024,HYUNDAI,IONIQ 5,SEL,6780,A,10/20/2025,28350,11/8/2025,Dealer_Y,D025,"Indianapolis, IN",IN,46201,FT,13,1,45350,BATCH_003
VIN_XXXXXXXXXX108,2023,HYUNDAI,IONIQ 5,Limited,23819,A,11/10/2025,18350,1/20/2026,Dealer_SS,D045,"Tampa, FL",FL,33601,FT,13,2,29150,BATCH_001
VIN_XXXXXXXXXX109,2023,HYUNDAI,IONIQ 5,Limited,14911,A,12/25/2025,23200,2/2/2026,Dealer_E,D005,"Seattle, WA",WA,98101,ET,13,2,36150,BATCH_002
VIN_XXXXXXXXXX110,2022,HYUNDAI,IONIQ 5,SE,32288,C,11/28/2025,16300,12/20/2025,Dealer_PP,D042,"Milwaukee, WI",WI,53201,FT,13,3,29450,BATCH_002
VIN_XXXXXXXXXX111,2024,HYUNDAI,IONIQ 5,SEL,7737,A,1/22/2026,25750,12/8/2025,Dealer_DD,D030,"San Antonio, TX",TX,78201,FT,13,1,40950,BATCH_003
VIN_XXXXXXXXXX112,2024,HYUNDAI,IONIQ 5,SEL,6391,A,12/25/2025,26450,10/20/2025,Dealer_L,D012,"Baton Rouge, LA",LA,70801,FT,13,1,42350,BATCH_003
VIN_XXXXXXXXXX113,2023,HYUNDAI,IONIQ 5,Limited,26669,B,1/15/2026,22300,11/18/2025,Dealer_Q,D017,"Juneau, AK",AK,99801,ET,13,2,35500,BATCH_001
VIN_XXXXXXXXXX114,2024,HYUNDAI,IONIQ 5,SEL,12985,A,10/18/2025,20300,11/25/2025,Dealer_OO,D041,"Oklahoma City, OK",OK,73101,FT,13,1,31950,BATCH_003
VIN_XXXXXXXXXX115,2023,HYUNDAI,IONIQ 5,Limited,24892,A,11/25/2025,22350,1/30/2026,Dealer_T,D020,"Louisville, KY",KY,40201,ET,13,2,35450,BATCH_001
VIN_XXXXXXXXXX116,2024,HYUNDAI,IONIQ 5,SEL,8303,A,1/20/2026,26550,12/25/2025,Dealer_SS,D045,"Tampa, FL",FL,33601,FT,13,1,41900,BATCH_003
VIN_XXXXXXXXXX117,2022,HYUNDAI,IONIQ 5,SE,33527,B,10/28/2025,20350,12/18/2025,Dealer_QQ,D043,"Bismarck, ND",ND,58501,ET,13,4,34300,BATCH_002
VIN_XXXXXXXXXX118,2022,HYUNDAI,IONIQ 5,SE,36876,C,11/15/2025,17100,2/1/2026,Dealer_T,D020,"Louisville, KY",KY,40201,ET,13,3,31050,BATCH_002
VIN_XXXXXXXXXX119,2022,HYUNDAI,IONIQ 5,SE,47614,C,11/15/2025,15400,2/2/2026,Dealer_OO,D041,"Oklahoma City, OK",OK,73101,FT,13,3,27800,BATCH_002
VIN_XXXXXXXXXX120,2022,HYUNDAI,IONIQ 5,SE,34477,B,11/8/2025,18450,1/15/2026,Dealer_H,D008,"Topeka, KS",KS,66603,FT,13,4,30650,BATCH_002
VIN_XXXXXXXXXX121,2022,HYUNDAI,IONIQ 5,SE,36685,B,1/18/2026,15800,12/18/2025,Dealer_HH,D034,"Houston, TX",TX,77001,ET,13,4,26750,BATCH_002
VIN_XXXXXXXXXX122,2024,HYUNDAI,IONIQ 5,SEL,10836,A,12/8/2025,22100,10/20/2025,Dealer_FF,D032,"Birmingham, AL",AL,35203,ET,13,1,34700,BATCH_003
VIN_XXXXXXXXXX123,2024,HYUNDAI,IONIQ 5,SEL,11477,A,12/30/2025,25150,11/28/2025,Dealer_OO,D041,"Oklahoma City, OK",OK,73101,FT,13,1,39400,BATCH_003
VIN_XXXXXXXXXX124,2023,HYUNDAI,IONIQ 5,Limited,18190,A,11/25/2025,24900,1/18/2026,Dealer_VV,D048,"Lincoln, NE",NE,68508,ET,13,2,38850,BATCH_001
VIN_XXXXXXXXXX125,2023,HYUNDAI,IONIQ 5,Limited,18408,A,11/5/2025,24000,1/28/2026,Dealer_Y,D025,"Indianapolis, IN",IN,46201,FT,13,2,37450,BATCH_001
VIN_XXXXXXXXXX126,2022,HYUNDAI,IONIQ 5,SE,35429,B,10/20/2025,16250,11/22/2025,Dealer_DD,D030,"San Antonio, TX",TX,78201,FT,13,4,27500,BATCH_002
VIN_XXXXXXXXXX127,2024,HYUNDAI,IONIQ 5,SEL,12415,A,12/15/2025,21400,10/20/2025,Dealer_VV,D048,"Lincoln, NE",NE,68508,ET,13,1,33600,BATCH_003
VIN_XXXXXXXXXX128,2023,HYUNDAI,IONIQ 5,Limited,24706,B,2/2/2026,21950,11/3/2025,Dealer_Y,D025,"Indianapolis, IN",IN,46201,FT,13,2,34450,BATCH_003
VIN_XXXXXXXXXX129,2023,HYUNDAI,IONIQ 5,Limited,19814,A,11/22/2025,21200,11/10/2025,Dealer_R,D018,"Wilmington, DE",DE,19801,ET,13,2,33300,BATCH_002
VIN_XXXXXXXXXX130,2022,HYUNDAI,IONIQ 5,SE,35944,B,12/22/2025,18250,10/28/2025,Dealer_E,D005,"Seattle, WA",WA,98101,FT,13,4,30900,BATCH_002
VIN_XXXXXXXXXX131,2022,HYUNDAI,IONIQ 5,SE,31362,C,10/15/2025,16100,12/22/2025,Dealer_TT,D046,"Providence, RI",RI,2901,ET,13,3,28350,BATCH_002
VIN_XXXXXXXXXX132,2023,HYUNDAI,IONIQ 5,Limited,19096,A,10/15/2025,22650,1/25/2026,Dealer_Y,D025,"Indianapolis, IN",IN,46201,FT,13,2,35700,BATCH_002
VIN_XXXXXXXXXX133,2023,HYUNDAI,IONIQ 5,Limited,24130,B,2/1/2026,20350,11/8/2025,Dealer_F,D006,"Olympia, WA",WA,98501,FT,13,2,32600,BATCH_001
VIN_XXXXXXXXXX134,2022,HYUNDAI,IONIQ 5,SE,33541,C,2/2/2026,15850,10/12/2025,Dealer_L,D012,"Baton Rouge, LA",LA,70801,FT,13,3,28950,BATCH_002
VIN_XXXXXXXXXX135,2024,HYUNDAI,IONIQ 5,SEL,11286,A,1/22/2026,20650,11/8/2025,Dealer_I,D009,"Charleston, SC",SC,29401,ET,13,1,32800,BATCH_003
VIN_XXXXXXXXXX136,2024,HYUNDAI,IONIQ 5,SEL,8408,A,1/22/2026,23250,12/12/2025,Dealer_MM,D039,"Buffalo, NY",NY,14201,FT,13,1,36750,BATCH_003
VIN_XXXXXXXXXX137,2023,HYUNDAI,IONIQ 5,Limited,18243,A,2/2/2026,21050,12/28/2025,Dealer_AA,D027,"Nashville, TN",TN,37201,ET,13,2,32950,BATCH_001
VIN_XXXXXXXXXX138,2024,HYUNDAI,IONIQ 5,SEL,7085,A,1/15/2026,25950,11/25/2025,Dealer_VV,D048,"Lincoln, NE",NE,68508,ET,13,1,41250,BATCH_003
VIN_XXXXXXXXXX139,2023,HYUNDAI,IONIQ 5,Limited,15200,A,11/18/2025,20650,1/8/2026,Dealer_C,D003,"Albuquerque, NM",NM,87101,ET,13,2,32450,BATCH_001
VIN_XXXXXXXXXX140,2024,HYUNDAI,IONIQ 5,SEL,10090,A,1/30/2026,24250,12/30/2025,Dealer_PP,D042,"Milwaukee, WI",WI,53201,FT,13,1,38450,BATCH_003
VIN_XXXXXXXXXX141,2023,HYUNDAI,IONIQ 5,Limited,17416,B,1/28/2026,24450,10/8/2025,Dealer_PP,D042,"Milwaukee, WI",WI,53201,ET,13,2,37100,BATCH_003
VIN_XXXXXXXXXX142,2024,HYUNDAI,IONIQ 5,SEL,10978,A,10/18/2025,23800,12/22/2025,Dealer_T,D020,"Louisville, KY",KY,40201,ET,13,1,37550,BATCH_001
VIN_XXXXXXXXXX143,2022,HYUNDAI,IONIQ 5,SE,29956,B,12/20/2025,20600,10/28/2025,Dealer_NN,D040,"Little Rock, AR",AR,72201,ET,13,4,34500,BATCH_002
VIN_XXXXXXXXXX144,2023,HYUNDAI,IONIQ 5,Limited,30028,B,1/25/2026,20750,11/25/2025,Dealer_K,D011,"Des Moines, IA",IA,50309,ET,13,2,33200,BATCH_001
VIN_XXXXXXXXXX145,2024,HYUNDAI,IONIQ 5,SEL,10012,A,10/18/2025,26550,12/25/2025,Dealer_RR,D044,"Hartford, CT",CT,6103,ET,13,1,42050,BATCH_003
VIN_XXXXXXXXXX146,2023,HYUNDAI,IONIQ 5,Limited,29085,B,11/15/2025,19950,1/22/2026,Dealer_MM,D039,"Buffalo, NY",NY,14201,FT,13,2,31800,BATCH_001
VIN_XXXXXXXXXX147,2023,HYUNDAI,IONIQ 5,Limited,28435,B,1/12/2026,18700,1/25/2026,Dealer_WW,D049,"Carson City, NV",NV,89701,ET,13,2,29700,BATCH_001
VIN_XXXXXXXXXX148,2023,HYUNDAI,IONIQ 5,Limited,32104,B,1/5/2026,21750,10/8/2025,Dealer_N,D014,"Las Vegas, NV",NV,89101,FT,13,2,34900,BATCH_001
VIN_XXXXXXXXXX149,2024,HYUNDAI,IONIQ 5,SEL,9025,A,12/25/2025,23000,10/28/2025,Dealer_WW,D049,"Carson City, NV",NV,89701,ET,13,1,36600,BATCH_003
VIN_XXXXXXXXXX150,2023,HYUNDAI,IONIQ 5,Limited,24174,A,11/25/2025,22150,1/15/2026,Dealer_Q,D017,"Juneau, AK",AK,99801,ET,13,2,35250,BATCH_001
VIN_XXXXXXXXXX151,2022,HYUNDAI,IONIQ 5,SE,50937,C,11/18/2025,15850,2/2/2026,Dealer_Y,D025,"Indianapolis, IN",IN,46201,FT,13,3,28650,BATCH_002
VIN_XXXXXXXXXX152,2024,HYUNDAI,IONIQ 5,SEL,7536,A,10/28/2025,21200,12/18/2025,Dealer_Q,D017,"Juneau, AK",AK,99801,ET,13,1,33700,BATCH_003
VIN_XXXXXXXXXX153,2024,HYUNDAI,IONIQ 5,SEL,8950,A,12/28/2025,27450,10/15/2025,Dealer_X,D024,"Helena, MT",MT,59601,FT,13,1,43500,BATCH_003
VIN_XXXXXXXXXX154,2022,HYUNDAI,IONIQ 5,SE,31400,B,11/25/2025,15750,2/1/2026,Dealer_BB,D028,"Kansas City, MO",MO,64101,ET,13,4,26400,BATCH_002
VIN_XXXXXXXXXX155,2022,HYUNDAI,IONIQ 5,SE,36281,C,10/28/2025,16950,12/10/2025,Dealer_W,D023,"Atlanta, GA",GA,30303,ET,13,3,30750,BATCH_002
VIN_XXXXXXXXXX156,2024,HYUNDAI,IONIQ 5,SEL,14905,A,12/10/2025,26350,11/18/2025,Dealer_SS,D045,"Tampa, FL",FL,33601,FT,13,1,41350,BATCH_001
VIN_XXXXXXXXXX157,2022,HYUNDAI,IONIQ 5,SE,37300,C,12/8/2025,15600,10/28/2025,Dealer_GG,D033,"Los Angeles, CA",CA,90210,FT,13,3,28450,BATCH_002
VIN_XXXXXXXXXX158,2023,HYUNDAI,IONIQ 5,Limited,20914,A,11/12/2025,25300,2/1/2026,Dealer_HH,D034,"Houston, TX",TX,77001,ET,13,2,39750,BATCH_001
VIN_XXXXXXXXXX159,2022,HYUNDAI,IONIQ 5,SE,39844,B,12/18/2025,18700,10/30/2025,Dealer_U,D021,"Pierre, SD",SD,57501,FT,13,4,31600,BATCH_002
VIN_XXXXXXXXXX160,2022,HYUNDAI,IONIQ 5,SE,38025,B,12/5/2025,18700,10/12/2025,Dealer_II,D035,"Denver, CO",CO,80202,FT,13,4,31700,BATCH_002
VIN_XXXXXXXXXX161,2023,HYUNDAI,IONIQ 5,Limited,21666,A,11/22/2025,22650,2/1/2026,Dealer_Z,D026,"Cheyenne, WY",WY,82001,ET,13,2,35700,BATCH_001
VIN_XXXXXXXXXX162,2024,HYUNDAI,IONIQ 5,SEL,9769,A,10/25/2025,24850,12/8/2025,Dealer_T,D020,"Louisville, KY",KY,40201,ET,13,1,39400,BATCH_003
VIN_XXXXXXXXXX163,2022,HYUNDAI,IONIQ 5,SE,38716,C,10/12/2025,17050,1/10/2026,Dealer_II,D035,"Denver, CO",CO,80202,FT,13,4,31150,BATCH_003
VIN_XXXXXXXXXX164,2024,HYUNDAI,IONIQ 5,SEL,10073,A,10/30/2025,26650,11/20/2025,Dealer_S,D019,"Detroit, MI",MI,48201,FT,13,1,42150,BATCH_003
VIN_XXXXXXXXXX165,2023,HYUNDAI,IONIQ 5,Limited,19985,A,1/12/2026,21500,11/25/2025,Dealer_J,D010,"Philadelphia, PA",PA,19101,ET,13,2,33650,BATCH_001
VIN_XXXXXXXXXX166,2023,HYUNDAI,IONIQ 5,Limited,15959,A,11/18/2025,26500,1/12/2026,Dealer_JJ,D036,"San Diego, CA",CA,92101,ET,13,2,41550,BATCH_001
VIN_XXXXXXXXXX167,2024,HYUNDAI,IONIQ 5,SEL,9106,A,1/25/2026,23200,11/20/2025,Dealer_QQ,D043,"Bismarck, ND",ND,58501,ET,13,1,36950,BATCH_003
VIN_XXXXXXXXXX168,2022,HYUNDAI,IONIQ 5,SE,34279,B,1/28/2026,14800,10/30/2025,Dealer_I,D009,"Charleston, SC",SC,29401,FT,13,4,25700,BATCH_001
VIN_XXXXXXXXXX169,2023,HYUNDAI,IONIQ 5,Limited,25244,B,2/1/2026,17500,11/5/2025,Dealer_DD,D030,"San Antonio, TX",TX,78201,FT,13,2,27950,BATCH_001
VIN_XXXXXXXXXX170,2023,HYUNDAI,IONIQ 5,Limited,18720,A,11/18/2025,20350,1/15/2026,Dealer_R,D018,"Wilmington, DE",DE,19801,FT,13,2,32350,BATCH_001
VIN_XXXXXXXXXX171,2023,HYUNDAI,IONIQ 5,Limited,25324,B,11/8/2025,20550,1/30/2026,Dealer_II,D035,"Denver, CO",CO,80202,FT,13,2,32700,BATCH_001
VIN_XXXXXXXXXX172,2022,HYUNDAI,IONIQ 5,SE,38091,C,11/20/2025,14950,12/22/2025,Dealer_JJ,D036,"San Diego, CA",CA,92101,ET,13,4,26550,BATCH_002
VIN_XXXXXXXXXX173,2022,HYUNDAI,IONIQ 5,SE,34637,C,11/15/2025,15500,2/1/2026,Dealer_HH,D034,"Houston, TX",TX,77001,ET,13,3,28150,BATCH_002
VIN_XXXXXXXXXX174,2024,HYUNDAI,IONIQ 5,SEL,8511,A,1/18/2026,23500,11/28/2025,Dealer_RR,D044,"Hartford, CT",CT,6103,ET,13,1,37150,BATCH_003
VIN_XXXXXXXXXX175,2023,HYUNDAI,IONIQ 5,Limited,19541,A,2/1/2026,22100,11/18/2025,Dealer_N,D014,"Las Vegas, NV",NV,89101,FT,13,2,35200,BATCH_001
VIN_XXXXXXXXXX176,2024,HYUNDAI,IONIQ 5,SEL,12734,A,11/30/2025,26250,11/25/2025,Dealer_W,D023,"Atlanta, GA",GA,30303,FT,13,1,42000,BATCH_001
VIN_XXXXXXXXXX177,2024,HYUNDAI,IONIQ 5,SEL,11384,A,1/18/2026,26350,12/12/2025,Dealer_D,D004,"Charlotte, NC",NC,28201,FT,13,1,41700,BATCH_003
VIN_XXXXXXXXXX178,2022,HYUNDAI,IONIQ 5,SE,39631,C,11/30/2025,18500,12/30/2025,Dealer_U,D021,"Pierre, SD",SD,57501,FT,13,3,33150,BATCH_002
VIN_XXXXXXXXXX179,2022,HYUNDAI,IONIQ 5,SE,40574,C,10/28/2025,14250,12/12/2025,Dealer_Z,D026,"Cheyenne, WY",WY,82001,ET,13,3,26100,BATCH_002
VIN_XXXXXXXXXX180,2024,HYUNDAI,IONIQ 5,SEL,10219,A,1/18/2026,27500,12/15/2025,Dealer_P,D016,"Richmond, VA",VA,23218,FT,13,1,43650,BATCH_003
VIN_XXXXXXXXXX181,2024,HYUNDAI,IONIQ 5,SEL,7863,A,12/15/2025,23000,10/30/2025,Dealer_UU,D047,"Columbus, OH",OH,43201,ET,13,1,36900,BATCH_003
VIN_XXXXXXXXXX182,2022,HYUNDAI,IONIQ 5,SE,42873,C,10/18/2025,16100,11/28/2025,Dealer_L,D012,"Baton Rouge, LA",LA,70801,FT,13,3,29150,BATCH_002
VIN_XXXXXXXXXX183,2024,HYUNDAI,IONIQ 5,SEL,10463,A,10/12/2025,25750,11/18/2025,Dealer_N,D014,"Las Vegas, NV",NV,89101,FT,13,1,40750,BATCH_003
VIN_XXXXXXXXXX184,2024,HYUNDAI,IONIQ 5,SEL,15972,A,10/8/2025,23900,11/22/2025,Dealer_X,D024,"Helena, MT",MT,59601,ET,13,1,37600,BATCH_001
VIN_XXXXXXXXXX185,2022,HYUNDAI,IONIQ 5,SE,28210,B,11/25/2025,18100,2/1/2026,Dealer_XX,D050,"Salem, OR",OR,97301,ET,13,4,30250,BATCH_002
VIN_XXXXXXXXXX186,2023,HYUNDAI,IONIQ 5,Limited,19358,A,11/20/2025,22650,1/25/2026,Dealer_G,D007,"Phoenix, AZ",AZ,85001,ET,13,2,35400,BATCH_001
VIN_XXXXXXXXXX187,2024,HYUNDAI,IONIQ 5,SEL,7409,A,10/28/2025,24050,1/20/2026,Dealer_K,D011,"Des Moines, IA",IA,50309,FT,13,1,38200,BATCH_003
VIN_XXXXXXXXXX188,2024,HYUNDAI,IONIQ 5,SEL,12828,A,1/20/2026,24150,12/5/2025,Dealer_BB,D028,"Kansas City, MO",MO,64101,ET,13,1,38050,BATCH_003
VIN_XXXXXXXXXX189,2022,HYUNDAI,IONIQ 5,SE,34839,B,10/28/2025,20600,11/5/2025,Dealer_S,D019,"Detroit, MI",MI,48201,FT,13,4,34450,BATCH_002
VIN_XXXXXXXXXX190,2024,HYUNDAI,IONIQ 5,SEL,11501,A,12/28/2025,25850,10/12/2025,Dealer_MM,D039,"Buffalo, NY",NY,14201,FT,13,1,41000,BATCH_003
VIN_XXXXXXXXXX191,2022,HYUNDAI,IONIQ 5,SE,31681,B,12/10/2025,16050,10/30/2025,Dealer_FF,D032,"Birmingham, AL",AL,35203,ET,13,4,26850,BATCH_002
VIN_XXXXXXXXXX192,2024,HYUNDAI,IONIQ 5,SEL,9289,A,1/25/2026,26550,12/12/2025,Dealer_EE,D031,"Salt Lake City, UT",UT,84101,FT,13,1,42100,BATCH_003
VIN_XXXXXXXXXX193,2023,HYUNDAI,IONIQ 5,Limited,13119,A,12/15/2025,25250,10/22/2025,Dealer_E,D005,"Seattle, WA",WA,98101,FT,13,2,39750,BATCH_003
VIN_XXXXXXXXXX194,2022,HYUNDAI,IONIQ 5,SE,39678,C,10/20/2025,15700,12/10/2025,Dealer_O,D015,"Boston, MA",MA,2101,ET,13,3,28550,BATCH_002
VIN_XXXXXXXXXX195,2023,HYUNDAI,IONIQ 5,Limited,24777,B,2/2/2026,20650,12/12/2025,Dealer_TT,D046,"Providence, RI",RI,2901,ET,13,2,32900,BATCH_001
VIN_XXXXXXXXXX196,2024,HYUNDAI,IONIQ 5,SEL,7099,A,10/30/2025,27250,12/20/2025,Dealer_A,D001,"Portland, OR",OR,97201,ET,13,1,43400,BATCH_003
VIN_XXXXXXXXXX197,2022,HYUNDAI,IONIQ 5,SE,47053,C,11/30/2025,17050,2/1/2026,Dealer_VV,D048,"Lincoln, NE",NE,68508,ET,13,3,31050,BATCH_002
VIN_XXXXXXXXXX198,2024,HYUNDAI,IONIQ 5,SEL,11581,A,10/18/2025,26800,12/12/2025,Dealer_QQ,D043,"Bismarck, ND",ND,58501,ET,13,1,42400,BATCH_003
VIN_XXXXXXXXXX199,2022,HYUNDAI,IONIQ 5,SE,35693,C,1/8/2026,15100,2/1/2026,Dealer_C,D003,"Albuquerque, NM",NM,87101,ET,13,3,27350,BATCH_003
VIN_XXXXXXXXXX200,2022,HYUNDAI,IONIQ 5,SE,39146,C,11/10/2025,13400,2/1/2026,Dealer_RR,D044,"Hartford, CT",CT,6103,ET,13,4,24350,BATCH_002
VIN_XXXXXXXXXX201,2022,HYUNDAI,IONIQ 5,SE,42013,C,11/30/2025,13400,10/25/2025,Dealer_KK,D037,"Boise, ID",ID,83702,ET,13,4,24350,BATCH_001
VIN_XXXXXXXXXX202,2023,HYUNDAI,IONIQ 5,Limited,23847,B,1/30/2026,16650,11/8/2025,Dealer_D,D004,"Charlotte, NC",NC,28201,FT,13,2,26450,BATCH_001
VIN_XXXXXXXXXX203,2023,HYUNDAI,IONIQ 5,Limited,28569,B,2/1/2026,20700,12/15/2025,Dealer_JJ,D036,"San Diego, CA",CA,92101,ET,13,2,33200,BATCH_001
VIN_XXXXXXXXXX204,2023,HYUNDAI,IONIQ 5,Limited,26929,B,11/5/2025,20650,1/30/2026,Dealer_J,D010,"Philadelphia, PA",PA,19101,ET,13,2,32850,BATCH_001
VIN_XXXXXXXXXX205,2024,HYUNDAI,IONIQ 5,SEL,9945,A,1/18/2026,20300,11/10/2025,Dealer_O,D015,"Boston, MA",MA,2101,ET,13,1,32150,BATCH_003
VIN_XXXXXXXXXX206,2022,HYUNDAI,IONIQ 5,SE,44682,C,12/15/2025,13550,10/28/2025,Dealer_RR,D044,"Hartford, CT",CT,6103,ET,13,4,24650,BATCH_002
VIN_XXXXXXXXXX207,2022,HYUNDAI,IONIQ 5,SE,35157,B,10/30/2025,16150,11/15/2025,Dealer_Y,D025,"Indianapolis, IN",IN,46201,FT,13,4,27000,BATCH_002
VIN_XXXXXXXXXX208,2023,HYUNDAI,IONIQ 5,Limited,19573,A,11/10/2025,25200,1/18/2026,Dealer_FF,D032,"Birmingham, AL",AL,35203,ET,13,2,39550,BATCH_001
VIN_XXXXXXXXXX209,2024,HYUNDAI,IONIQ 5,SEL,10127,A,10/18/2025,25550,2/1/2026,Dealer_G,D007,"Phoenix, AZ",AZ,85001,ET,13,1,40400,BATCH_003
VIN_XXXXXXXXXX210,2024,HYUNDAI,IONIQ 5,SEL,11123,A,12/25/2025,22200,10/30/2025,Dealer_Y,D025,"Indianapolis, IN",IN,46201,FT,13,1,35200,BATCH_003
VIN_XXXXXXXXXX211,2024,HYUNDAI,IONIQ 5,SEL,7866,A,12/18/2025,24850,10/25/2025,Dealer_GG,D033,"Los Angeles, CA",CA,90210,FT,13,1,39400,BATCH_003
VIN_XXXXXXXXXX212,2024,HYUNDAI,IONIQ 5,SEL,8177,A,12/30/2025,27800,10/22/2025,Dealer_V,D022,"Minneapolis, MN",MN,55401,ET,13,1,44000,BATCH_003
VIN_XXXXXXXXXX213,2023,HYUNDAI,IONIQ 5,Limited,16344,A,1/12/2026,23600,12/25/2025,Dealer_H,D008,"Topeka, KS",KS,66603,FT,13,2,37150,BATCH_001
VIN_XXXXXXXXXX214,2024,HYUNDAI,IONIQ 5,SEL,10189,A,10/20/2025,21150,2/2/2026,Dealer_HH,D034,"Houston, TX",TX,77001,ET,13,1,33400,BATCH_003
VIN_XXXXXXXXXX215,2023,HYUNDAI,IONIQ 5,Limited,20731,A,1/15/2026,25250,11/25/2025,Dealer_O,D015,"Boston, MA",MA,2101,ET,13,2,39550,BATCH_001
VIN_XXXXXXXXXX216,2024,HYUNDAI,IONIQ 5,SEL,12591,A,12/28/2025,24150,10/15/2025,Dealer_P,D016,"Richmond, VA",VA,23218,FT,13,1,37950,BATCH_003
VIN_XXXXXXXXXX217,2023,HYUNDAI,IONIQ 5,Limited,20438,B,1/12/2026,18400,11/25/2025,Dealer_WW,D049,"Carson City, NV",NV,89701,ET,13,2,29400,BATCH_001
VIN_XXXXXXXXXX218,2023,HYUNDAI,IONIQ 5,Limited,21939,B,11/30/2025,18100,1/20/2026,Dealer_D,D004,"Charlotte, NC",NC,28201,FT,13,2,28850,BATCH_001
VIN_XXXXXXXXXX219,2024,HYUNDAI,IONIQ 5,SEL,9951,A,10/12/2025,21700,11/28/2025,Dealer_VV,D048,"Lincoln, NE",NE,68508,ET,13,1,34300,BATCH_003
VIN_XXXXXXXXXX220,2022,HYUNDAI,IONIQ 5,SE,29270,B,11/15/2025,16750,2/2/2026,Dealer_N,D014,"Las Vegas, NV",NV,89101,FT,13,4,27950,BATCH_002
VIN_XXXXXXXXXX221,2022,HYUNDAI,IONIQ 5,SE,44691,C,11/8/2025,14950,12/18/2025,Dealer_CC,D029,"Jackson, MS",MS,39201,FT,13,4,27000,BATCH_002
VIN_XXXXXXXXXX222,2024,HYUNDAI,IONIQ 5,SEL,7208,A,10/25/2025,23350,11/22/2025,Dealer_II,D035,"Denver, CO",CO,80202,FT,13,1,37300,BATCH_003
VIN_XXXXXXXXXX223,2023,HYUNDAI,IONIQ 5,Limited,24503,B,11/15/2025,17800,11/12/2025,Dealer_A,D001,"Portland, OR",OR,97201,FT,13,2,28400,BATCH_002
VIN_XXXXXXXXXX224,2023,HYUNDAI,IONIQ 5,Limited,16623,A,1/30/2026,20450,12/12/2025,Dealer_X,D024,"Helena, MT",MT,59601,FT,13,2,32050,BATCH_001
VIN_XXXXXXXXXX225,2024,HYUNDAI,IONIQ 5,SEL,8863,A,1/25/2026,28100,12/15/2025,Dealer_X,D024,"Helena, MT",MT,59601,FT,13,1,44350,BATCH_003
VIN_XXXXXXXXXX226,2023,HYUNDAI,IONIQ 5,Limited,20311,A,1/15/2026,20600,11/25/2025,Dealer_RR,D044,"Hartford, CT",CT,6103,ET,13,2,32450,BATCH_001
VIN_XXXXXXXXXX227,2022,HYUNDAI,IONIQ 5,SE,34769,B,12/20/2025,17200,10/28/2025,Dealer_UU,D047,"Columbus, OH",OH,43201,ET,13,4,29300,BATCH_002
VIN_XXXXXXXXXX228,2022,HYUNDAI,IONIQ 5,SE,42468,C,10/25/2025,14800,11/15/2025,Dealer_LL,D038,"Miami, FL",FL,33101,FT,13,3,27000,BATCH_002
VIN_XXXXXXXXXX229,2022,HYUNDAI,IONIQ 5,SE,38013,C,12/12/2025,15950,10/15/2025,Dealer_VV,D048,"Lincoln, NE",NE,68508,ET,13,3,29100,BATCH_002
VIN_XXXXXXXXXX230,2023,HYUNDAI,IONIQ 5,Limited,21064,A,1/18/2026,20900,11/15/2025,Dealer_V,D022,"Minneapolis, MN",MN,55401,ET,13,2,32600,BATCH_001
VIN_XXXXXXXXXX231,2022,HYUNDAI,IONIQ 5,SE,33020,B,11/8/2025,18300,12/28/2025,Dealer_M,D013,"Dallas, TX",TX,75201,FT,13,4,30600,BATCH_002
VIN_XXXXXXXXXX232,2023,HYUNDAI,IONIQ 5,Limited,15575,A,11/25/2025,24100,1/30/2026,Dealer_E,D005,"Seattle, WA",WA,98101,FT,13,2,37750,BATCH_001
VIN_XXXXXXXXXX233,2024,HYUNDAI,IONIQ 5,SEL,9918,A,12/25/2025,20650,10/25/2025,Dealer_T,D020,"Louisville, KY",KY,40201,ET,13,1,32650,BATCH_003
VIN_XXXXXXXXXX234,2022,HYUNDAI,IONIQ 5,SE,40276,C,12/12/2025,17050,1/5/2026,Dealer_TT,D046,"Providence, RI",RI,2901,ET,13,4,31300,BATCH_002
VIN_XXXXXXXXXX235,2023,HYUNDAI,IONIQ 5,Limited,20914,A,2/2/2026,21950,12/22/2025,Dealer_G,D007,"Phoenix, AZ",AZ,85001,ET,13,2,34750,BATCH_001
VIN_XXXXXXXXXX236,2023,HYUNDAI,IONIQ 5,Limited,14446,A,11/28/2025,20900,12/10/2025,Dealer_A,D001,"Portland, OR",OR,97201,ET,13,2,32750,BATCH_001
VIN_XXXXXXXXXX237,2022,HYUNDAI,IONIQ 5,SE,32140,B,11/15/2025,20000,2/2/2026,Dealer_R,D018,"Wilmington, DE",DE,19801,FT,13,4,33650,BATCH_002
VIN_XXXXXXXXXX238,2024,HYUNDAI,IONIQ 5,SEL,12052,A,10/15/2025,24650,12/28/2025,Dealer_G,D007,"Phoenix, AZ",AZ,85001,ET,13,1,38950,BATCH_003
VIN_XXXXXXXXXX239,2023,HYUNDAI,IONIQ 5,Limited,24295,A,11/25/2025,22050,1/12/2026,Dealer_AA,D027,"Nashville, TN",TN,37201,ET,13,2,34950,BATCH_001
VIN_XXXXXXXXXX240,2024,HYUNDAI,IONIQ 5,SEL,7755,A,1/18/2026,23550,12/20/2025,Dealer_E,D005,"Seattle, WA",WA,98101,FT,13,1,37400,BATCH_003
VIN_XXXXXXXXXX241,2022,HYUNDAI,IONIQ 5,SE,37285,B,12/10/2025,17550,10/15/2025,Dealer_KK,D037,"Boise, ID",ID,83702,FT,13,4,29550,BATCH_002
VIN_XXXXXXXXXX242,2023,HYUNDAI,IONIQ 5,Limited,23126,B,2/1/2026,18700,11/28/2025,Dealer_Y,D025,"Indianapolis, IN",IN,46201,FT,13,2,29900,BATCH_001
VIN_XXXXXXXXXX243,2024,HYUNDAI,IONIQ 5,SEL,14258,A,11/5/2025,23100,12/12/2025,Dealer_B,D002,"Sacramento, CA",CA,95814,FT,13,1,36950,BATCH_001
VIN_XXXXXXXXXX244,2023,HYUNDAI,IONIQ 5,Limited,24221,B,11/12/2025,19350,10/28/2025,Dealer_G,D007,"Phoenix, AZ",AZ,85001,ET,13,2,30850,BATCH_001
VIN_XXXXXXXXXX245,2022,HYUNDAI,IONIQ 5,SE,42255,C,1/22/2026,17800,12/8/2025,Dealer_UU,D047,"Columbus, OH",OH,43201,ET,13,3,33100,BATCH_003
VIN_XXXXXXXXXX246,2023,HYUNDAI,IONIQ 5,Limited,19915,B,1/22/2026,18750,11/15/2025,Dealer_HH,D034,"Houston, TX",TX,77001,ET,13,2,29950,BATCH_001
VIN_XXXXXXXXXX247,2024,HYUNDAI,IONIQ 5,SEL,12096,A,1/15/2026,26550,11/30/2025,Dealer_K,D011,"Des Moines, IA",IA,50309,ET,13,1,42200,BATCH_003
VIN_XXXXXXXXXX248,2022,HYUNDAI,IONIQ 5,SE,39647,C,12/10/2025,16450,12/8/2025,Dealer_H,D008,"Topeka, KS",KS,66603,ET,13,4,30050,BATCH_001
VIN_XXXXXXXXXX249,2024,HYUNDAI,IONIQ 5,SEL,9124,A,10/30/2025,25350,12/28/2025,Dealer_WW,D049,"Carson City, NV",NV,89701,ET,13,1,40150,BATCH_003
VIN_XXXXXXXXXX250,2024,HYUNDAI,IONIQ 5,SEL,10321,A,1/15/2026,20400,1/10/2026,Dealer_P,D016,"Richmond, VA",VA,23218,FT,13,1,32300,BATCH_003
VIN_XXXXXXXXXX251,2024,HYUNDAI,IONIQ 5,SEL,9053,A,10/12/2025,21800,11/28/2025,Dealer_GG,D033,"Los Angeles, CA",CA,90210,FT,13,1,34450,BATCH_003
VIN_XXXXXXXXXX252,2024,HYUNDAI,IONIQ 5,SE,8163,A,1/22/2026,21400,10/10/2025,Dealer_LL,D038,"Miami, FL",FL,33101,FT,13,3,34450,BATCH_001
VIN_XXXXXXXXXX253,2024,HYUNDAI,IONIQ 5,SEL,9381,A,12/2/2025,27200,11/10/2025,Dealer_L,D012,"Baton Rouge, LA",LA,70801,FT,13,1,43150,BATCH_001
VIN_XXXXXXXXXX254,2023,HYUNDAI,IONIQ 5,Limited,22347,A,1/15/2026,23300,12/30/2025,Dealer_PP,D042,"Milwaukee, WI",WI,53201,FT,13,2,36650,BATCH_001
VIN_XXXXXXXXXX255,2023,HYUNDAI,IONIQ 5,Limited,28225,B,2/2/2026,19650,12/25/2025,Dealer_JJ,D036,"San Diego, CA",CA,92101,ET,13,2,31300,BATCH_001
VIN_XXXXXXXXXX256,2024,HYUNDAI,IONIQ 5,SEL,6588,A,12/18/2025,23350,10/15/2025,Dealer_Z,D026,"Cheyenne, WY",WY,82001,FT,13,1,37150,BATCH_001
VIN_XXXXXXXXXX257,2022,HYUNDAI,IONIQ 5,SE,35616,C,10/12/2025,13550,11/22/2025,Dealer_M,D013,"Dallas, TX",TX,75201,FT,13,3,24700,BATCH_002
VIN_XXXXXXXXXX258,2022,HYUNDAI,IONIQ 5,SE,43526,C,11/15/2025,16750,1/30/2026,Dealer_AA,D027,"Nashville, TN",TN,37201,ET,13,3,30750,BATCH_002
VIN_XXXXXXXXXX259,2023,HYUNDAI,IONIQ 5,Limited,22611,A,2/1/2026,22550,12/12/2025,Dealer_PP,D042,"Milwaukee, WI",WI,53201,FT,13,2,35800,BATCH_001
VIN_XXXXXXXXXX260,2024,HYUNDAI,IONIQ 5,SEL,10963,A,12/30/2025,22550,10/18/2025,Dealer_A,D001,"Portland, OR",OR,97201,ET,13,1,35300,BATCH_003
VIN_XXXXXXXXXX261,2024,HYUNDAI,IONIQ 5,SEL,9970,A,1/15/2026,20450,12/15/2025,Dealer_HH,D034,"Houston, TX",TX,77001,ET,13,1,32400,BATCH_003
VIN_XXXXXXXXXX262,2022,HYUNDAI,IONIQ 5,SE,40362,C,11/30/2025,16000,2/1/2026,Dealer_Q,D017,"Juneau, AK",AK,99801,ET,13,3,29200,BATCH_002
VIN_XXXXXXXXXX263,2022,HYUNDAI,IONIQ 5,SE,32965,C,10/22/2025,18550,11/15/2025,Dealer_KK,D037,"Boise, ID",ID,83702,FT,13,3,33100,BATCH_002
VIN_XXXXXXXXXX264,2024,HYUNDAI,IONIQ 5,SEL,6764,A,12/25/2025,26600,10/22/2025,Dealer_Q,D017,"Juneau, AK",AK,99801,ET,13,1,42300,BATCH_003
VIN_XXXXXXXXXX265,2022,HYUNDAI,IONIQ 5,SE,37319,C,10/15/2025,14050,11/30/2025,Dealer_EE,D031,"Salt Lake City, UT",UT,84101,FT,13,3,25100,BATCH_002
VIN_XXXXXXXXXX266,2023,HYUNDAI,IONIQ 5,Limited,20205,A,2/2/2026,25600,11/28/2025,Dealer_II,D035,"Denver, CO",CO,80202,FT,13,2,39950,BATCH_001
VIN_XXXXXXXXXX267,2024,HYUNDAI,IONIQ 5,SEL,9980,A,10/8/2025,22550,12/10/2025,Dealer_SS,D045,"Tampa, FL",FL,33601,FT,13,1,35800,BATCH_003
VIN_XXXXXXXXXX268,2023,HYUNDAI,IONIQ 5,Limited,27685,B,1/22/2026,20800,10/28/2025,Dealer_VV,D048,"Lincoln, NE",NE,68508,ET,13,2,33300,BATCH_001
VIN_XXXXXXXXXX269,2022,HYUNDAI,IONIQ 5,SE,35044,B,11/15/2025,16450,2/2/2026,Dealer_P,D016,"Richmond, VA",VA,23218,FT,13,4,27900,BATCH_002
VIN_XXXXXXXXXX270,2023,HYUNDAI,IONIQ 5,Limited,21144,A,1/20/2026,21550,11/30/2025,Dealer_MM,D039,"Buffalo, NY",NY,14201,FT,13,2,34100,BATCH_003
VIN_XXXXXXXXXX271,2023,HYUNDAI,IONIQ 5,Limited,25904,B,11/5/2025,23050,1/18/2026,Dealer_TT,D046,"Providence, RI",RI,2901,ET,13,2,36750,BATCH_001
VIN_XXXXXXXXXX272,2023,HYUNDAI,IONIQ 5,Limited,16420,A,1/30/2026,24400,12/20/2025,Dealer_MM,D039,"Buffalo, NY",NY,14201,FT,13,2,38250,BATCH_001
VIN_XXXXXXXXXX273,2024,HYUNDAI,IONIQ 5,SEL,8457,A,12/28/2025,24500,11/15/2025,Dealer_GG,D033,"Los Angeles, CA",CA,90210,FT,13,1,38750,BATCH_003
VIN_XXXXXXXXXX274,2024,HYUNDAI,IONIQ 5,SEL,10696,A,10/12/2025,24350,11/18/2025,Dealer_R,D018,"Wilmington, DE",DE,19801,FT,13,1,38450,BATCH_003
VIN_XXXXXXXXXX275,2023,HYUNDAI,IONIQ 5,Limited,23639,B,1/8/2026,21300,11/12/2025,Dealer_QQ,D043,"Bismarck, ND",ND,58501,ET,13,2,33900,BATCH_001
VIN_XXXXXXXXXX276,2024,HYUNDAI,IONIQ 5,SEL,8206,A,11/8/2025,23950,11/3/2025,Dealer_BB,D028,"Kansas City, MO",MO,64101,ET,13,1,38100,BATCH_001
VIN_XXXXXXXXXX277,2024,HYUNDAI,IONIQ 5,SEL,13861,A,1/12/2026,23050,11/30/2025,Dealer_NN,D040,"Little Rock, AR",AR,72201,ET,13,1,36150,BATCH_003
VIN_XXXXXXXXXX278,2023,HYUNDAI,IONIQ 5,Limited,24187,B,11/8/2025,19400,1/18/2026,Dealer_BB,D028,"Kansas City, MO",MO,64101,ET,13,2,30900,BATCH_001
VIN_XXXXXXXXXX279,2023,HYUNDAI,IONIQ 5,Limited,20241,A,2/2/2026,18500,12/5/2025,Dealer_K,D011,"Des Moines, IA",IA,50309,ET,13,2,29400,BATCH_001
VIN_XXXXXXXXXX280,2023,HYUNDAI,IONIQ 5,Limited,16510,A,1/20/2026,25550,11/28/2025,Dealer_XX,D050,"Salem, OR",OR,97301,ET,13,2,39900,BATCH_001
VIN_XXXXXXXXXX281,2023,HYUNDAI,IONIQ 5,Limited,19594,A,11/28/2025,23600,1/22/2026,Dealer_P,D016,"Richmond, VA",VA,23218,FT,13,2,37650,BATCH_001
VIN_XXXXXXXXXX282,2023,HYUNDAI,IONIQ 5,Limited,21540,B,10/15/2025,18650,2/2/2026,Dealer_E,D005,"Seattle, WA",WA,98101,FT,13,2,29600,BATCH_001
VIN_XXXXXXXXXX283,2024,HYUNDAI,IONIQ 5,SEL,13180,A,12/5/2025,20350,12/15/2025,Dealer_L,D012,"Baton Rouge, LA",LA,70801,ET,13,1,32250,BATCH_003
VIN_XXXXXXXXXX284,2023,HYUNDAI,IONIQ 5,Limited,18115,A,2/1/2026,22800,11/20/2025,Dealer_D,D004,"Charlotte, NC",NC,28201,FT,13,2,35600,BATCH_001
VIN_XXXXXXXXXX285,2022,HYUNDAI,IONIQ 5,SE,42301,C,12/8/2025,14050,10/15/2025,Dealer_S,D019,"Detroit, MI",MI,48201,FT,13,4,25500,BATCH_002
VIN_XXXXXXXXXX286,2023,HYUNDAI,IONIQ 5,Limited,23286,A,11/20/2025,21100,1/12/2026,Dealer_M,D013,"Dallas, TX",TX,75201,FT,13,2,33450,BATCH_001
VIN_XXXXXXXXXX287,2024,HYUNDAI,IONIQ 5,SEL,11708,A,10/20/2025,26050,11/28/2025,Dealer_F,D006,"Olympia, WA",WA,98501,FT,13,1,41300,BATCH_003
VIN_XXXXXXXXXX288,2022,HYUNDAI,IONIQ 5,SE,41979,C,11/15/2025,12750,2/2/2026,Dealer_MM,D039,"Buffalo, NY",NY,14201,FT,13,4,23000,BATCH_002
VIN_XXXXXXXXXX289,2024,HYUNDAI,IONIQ 5,SEL,9607,A,1/25/2026,22200,11/18/2025,Dealer_BB,D028,"Kansas City, MO",MO,64101,ET,13,1,35100,BATCH_003
VIN_XXXXXXXXXX290,2022,HYUNDAI,IONIQ 5,SE,28886,B,10/30/2025,19800,11/25/2025,Dealer_E,D005,"Seattle, WA",WA,98101,FT,13,4,33250,BATCH_002
VIN_XXXXXXXXXX291,2024,HYUNDAI,IONIQ 5,SEL,7751,A,10/20/2025,22300,12/18/2025,Dealer_S,D019,"Detroit, MI",MI,48201,ET,13,1,35100,BATCH_001
VIN_XXXXXXXXXX292,2023,HYUNDAI,IONIQ 5,Limited,26064,B,1/30/2026,18950,12/28/2025,Dealer_CC,D029,"Jackson, MS",MS,39201,FT,13,2,30150,BATCH_001
VIN_XXXXXXXXXX293,2024,HYUNDAI,IONIQ 5,SEL,7671,A,10/12/2025,25550,1/12/2026,Dealer_D,D004,"Charlotte, NC",NC,28201,FT,13,1,40750,BATCH_003
VIN_XXXXXXXXXX294,2022,HYUNDAI,IONIQ 5,SE,42933,C,10/25/2025,14650,12/12/2025,Dealer_BB,D028,"Kansas City, MO",MO,64101,ET,13,3,26400,BATCH_002
VIN_XXXXXXXXXX295,2023,HYUNDAI,IONIQ 5,Limited,23479,B,1/28/2026,22300,12/15/2025,Dealer_GG,D033,"Los Angeles, CA",CA,90210,FT,13,2,35650,BATCH_001
VIN_XXXXXXXXXX296,2024,HYUNDAI,IONIQ 5,SEL,8742,A,1/15/2026,21650,12/18/2025,Dealer_OO,D041,"Oklahoma City, OK",OK,73101,FT,13,1,34250,BATCH_003
VIN_XXXXXXXXXX297,2023,HYUNDAI,IONIQ 5,Limited,28346,B,11/25/2025,20850,1/30/2026,Dealer_UU,D047,"Columbus, OH",OH,43201,ET,13,2,33150,BATCH_001
VIN_XXXXXXXXXX298,2024,HYUNDAI,IONIQ 5,SEL,6455,A,11/22/2025,25950,12/18/2025,Dealer_KK,D037,"Boise, ID",ID,83702,FT,13,1,41450,BATCH_003
VIN_XXXXXXXXXX299,2023,HYUNDAI,IONIQ 5,Limited,23613,B,1/30/2026,22800,2/2/2026,Dealer_NN,D040,"Little Rock, AR",AR,72201,ET,13,2,36200,BATCH_003
VIN_XXXXXXXXXX300,2024,HYUNDAI,IONIQ 5,SEL,9781,A,10/18/2025,22900,12/25/2025,Dealer_UU,D047,"Columbus, OH",OH,43201,ET,13,1,36100,BATCH_003
VIN_XXXXXXXXXX301,2024,HYUNDAI,IONIQ 5,SEL,11509,A,1/18/2026,20900,12/20/2025,Dealer_U,D021,"Pierre, SD",SD,57501,FT,13,1,32950,BATCH_003
VIN_XXXXXXXXXX302,2023,HYUNDAI,IONIQ 5,Limited,23329,B,2/1/2026,18550,11/10/2025,Dealer_GG,D033,"Los Angeles, CA",CA,90210,FT,13,2,29500,BATCH_001
VIN_XXXXXXXXXX303,2023,HYUNDAI,IONIQ 5,Limited,18735,A,2/2/2026,24900,12/5/2025,Dealer_S,D019,"Detroit, MI",MI,48201,FT,13,2,38950,BATCH_001
VIN_XXXXXXXXXX304,2022,HYUNDAI,IONIQ 5,SE,32214,B,12/20/2025,17650,12/28/2025,Dealer_SS,D045,"Tampa, FL",FL,33601,FT,13,4,29750,BATCH_003
VIN_XXXXXXXXXX305,2022,HYUNDAI,IONIQ 5,SE,35066,C,11/30/2025,15850,1/8/2026,Dealer_W,D023,"Atlanta, GA",GA,30303,ET,13,4,28450,BATCH_002
VIN_XXXXXXXXXX306,2022,HYUNDAI,IONIQ 5,SE,34884,C,10/20/2025,14600,12/30/2025,Dealer_WW,D049,"Carson City, NV",NV,89701,ET,13,3,26500,BATCH_002
VIN_XXXXXXXXXX307,2024,HYUNDAI,IONIQ 5,SEL,9734,A,10/8/2025,26350,12/5/2025,Dealer_TT,D046,"Providence, RI",RI,2901,ET,13,1,41850,BATCH_003
VIN_XXXXXXXXXX308,2024,HYUNDAI,IONIQ 5,SEL,10932,A,1/25/2026,24950,12/28/2025,Dealer_N,D014,"Las Vegas, NV",NV,89101,FT,13,1,39600,BATCH_003
VIN_XXXXXXXXXX309,2023,HYUNDAI,IONIQ 5,Limited,23115,B,2/1/2026,21500,12/18/2025,Dealer_RR,D044,"Hartford, CT",CT,6103,FT,13,2,34400,BATCH_003
VIN_XXXXXXXXXX310,2024,HYUNDAI,IONIQ 5,SEL,8065,A,10/22/2025,24300,2/1/2026,Dealer_T,D020,"Louisville, KY",KY,40201,ET,13,1,38300,BATCH_003
VIN_XXXXXXXXXX311,2023,HYUNDAI,IONIQ 5,Limited,16625,A,11/22/2025,22400,1/25/2026,Dealer_H,D008,"Topeka, KS",KS,66603,FT,13,2,35100,BATCH_001
VIN_XXXXXXXXXX312,2024,HYUNDAI,IONIQ 5,SEL,7573,A,12/20/2025,22600,10/18/2025,Dealer_BB,D028,"Kansas City, MO",MO,64101,ET,13,1,36250,BATCH_003
VIN_XXXXXXXXXX313,2023,HYUNDAI,IONIQ 5,Limited,25761,B,1/10/2026,17950,10/15/2025,Dealer_J,D010,"Philadelphia, PA",PA,19101,ET,13,2,28650,BATCH_001
VIN_XXXXXXXXXX314,2022,HYUNDAI,IONIQ 5,SE,38026,C,10/22/2025,14450,11/22/2025,Dealer_CC,D029,"Jackson, MS",MS,39201,FT,13,4,26150,BATCH_002
VIN_XXXXXXXXXX315,2022,HYUNDAI,IONIQ 5,SE,44441,C,11/18/2025,15800,2/1/2026,Dealer_AA,D027,"Nashville, TN",TN,37201,ET,13,3,28800,BATCH_002
VIN_XXXXXXXXXX316,2022,HYUNDAI,IONIQ 5,SE,28007,B,10/20/2025,18400,11/25/2025,Dealer_G,D007,"Phoenix, AZ",AZ,85001,ET,13,4,31000,BATCH_002
VIN_XXXXXXXXXX317,2022,HYUNDAI,IONIQ 5,SE,41465,C,12/10/2025,15700,10/15/2025,Dealer_M,D013,"Dallas, TX",TX,75201,FT,13,3,28500,BATCH_002
VIN_XXXXXXXXXX318,2023,HYUNDAI,IONIQ 5,Limited,20625,A,1/15/2026,20200,11/25/2025,Dealer_UU,D047,"Columbus, OH",OH,43201,ET,13,2,31550,BATCH_001
VIN_XXXXXXXXXX319,2024,HYUNDAI,IONIQ 5,SEL,8980,A,10/15/2025,27650,12/15/2025,Dealer_BB,D028,"Kansas City, MO",MO,64101,ET,13,1,43600,BATCH_003
VIN_XXXXXXXXXX320,2023,HYUNDAI,IONIQ 5,Limited,16372,A,1/20/2026,23000,11/15/2025,Dealer_Z,D026,"Cheyenne, WY",WY,82001,ET,13,2,36000,BATCH_001
VIN_XXXXXXXXXX321,2023,HYUNDAI,IONIQ 5,Limited,17640,A,11/30/2025,24700,1/25/2026,Dealer_OO,D041,"Oklahoma City, OK",OK,73101,FT,13,2,38650,BATCH_001
VIN_XXXXXXXXXX322,2022,HYUNDAI,IONIQ 5,SE,34877,B,11/15/2025,16900,2/1/2026,Dealer_TT,D046,"Providence, RI",RI,2901,ET,13,4,28350,BATCH_002
VIN_XXXXXXXXXX323,2023,HYUNDAI,IONIQ 5,Limited,19051,A,11/10/2025,25700,11/5/2025,Dealer_RR,D044,"Hartford, CT",CT,6103,ET,13,2,40100,BATCH_001
VIN_XXXXXXXXXX324,2024,HYUNDAI,IONIQ 5,SEL,10210,A,11/8/2025,20450,10/15/2025,Dealer_M,D013,"Dallas, TX",TX,75201,ET,13,1,32200,BATCH_001
VIN_XXXXXXXXXX325,2024,HYUNDAI,IONIQ 5,SEL,9288,A,10/28/2025,25500,11/20/2025,Dealer_EE,D031,"Salt Lake City, UT",UT,84101,FT,13,1,40500,BATCH_003
VIN_XXXXXXXXXX326,2022,HYUNDAI,IONIQ 5,SE,46543,C,10/12/2025,15050,11/22/2025,Dealer_SS,D045,"Tampa, FL",FL,33601,FT,13,4,27450,BATCH_002
VIN_XXXXXXXXXX327,2022,HYUNDAI,IONIQ 5,SE,36981,C,10/8/2025,15550,11/15/2025,Dealer_I,D009,"Charleston, SC",SC,29401,ET,13,4,28300,BATCH_002
VIN_XXXXXXXXXX328,2022,HYUNDAI,IONIQ 5,SE,34794,C,11/28/2025,13600,2/1/2026,Dealer_WW,D049,"Carson City, NV",NV,89701,ET,13,3,24850,BATCH_002
VIN_XXXXXXXXXX329,2022,HYUNDAI,IONIQ 5,SE,39644,C,12/25/2025,15650,10/22/2025,Dealer_V,D022,"Minneapolis, MN",MN,55401,ET,13,3,28450,BATCH_002
VIN_XXXXXXXXXX330,2023,HYUNDAI,IONIQ 5,Limited,25465,B,11/12/2025,16750,1/20/2026,Dealer_WW,D049,"Carson City, NV",NV,89701,ET,13,2,26650,BATCH_001
VIN_XXXXXXXXXX331,2024,HYUNDAI,IONIQ 5,SEL,7387,A,12/22/2025,27350,10/25/2025,Dealer_F,D006,"Olympia, WA",WA,98501,FT,13,1,43700,BATCH_003
VIN_XXXXXXXXXX332,2023,HYUNDAI,IONIQ 5,Limited,17849,A,1/28/2026,22150,12/15/2025,Dealer_M,D013,"Dallas, TX",TX,75201,FT,13,2,34750,BATCH_001
VIN_XXXXXXXXXX333,2022,HYUNDAI,IONIQ 5,SE,48120,C,10/25/2025,13100,12/8/2025,Dealer_T,D020,"Louisville, KY",KY,40201,ET,13,4,23650,BATCH_002
VIN_XXXXXXXXXX334,2022,HYUNDAI,IONIQ 5,SE,34270,B,12/30/2025,16600,1/8/2026,Dealer_QQ,D043,"Bismarck, ND",ND,58501,FT,13,3,27800,BATCH_001
VIN_XXXXXXXXXX335,2022,HYUNDAI,IONIQ 5,SE,41479,C,10/18/2025,13600,11/25/2025,Dealer_F,D006,"Olympia, WA",WA,98501,FT,13,3,24750,BATCH_002
VIN_XXXXXXXXXX336,2022,HYUNDAI,IONIQ 5,SE,38511,C,11/25/2025,17450,10/30/2025,Dealer_D,D004,"Charlotte, NC",NC,28201,FT,13,3,32000,BATCH_002
VIN_XXXXXXXXXX337,2024,HYUNDAI,IONIQ 5,SEL,10920,A,10/28/2025,23000,11/12/2025,Dealer_PP,D042,"Milwaukee, WI",WI,53201,FT,13,1,36100,BATCH_003
VIN_XXXXXXXXXX338,2023,HYUNDAI,IONIQ 5,Limited,26805,B,1/25/2026,18500,12/15/2025,Dealer_U,D021,"Pierre, SD",SD,57501,FT,13,2,29500,BATCH_001
VIN_XXXXXXXXXX339,2023,HYUNDAI,IONIQ 5,Limited,20845,A,11/30/2025,21200,1/25/2026,Dealer_S,D019,"Detroit, MI",MI,48201,FT,13,2,33400,BATCH_001
VIN_XXXXXXXXXX340,2022,HYUNDAI,IONIQ 5,SE,36904,C,11/5/2025,17550,12/28/2025,Dealer_DD,D030,"San Antonio, TX",TX,78201,FT,13,4,31000,BATCH_002
VIN_XXXXXXXXXX341,2022,HYUNDAI,IONIQ 5,SE,35042,B,12/10/2025,17950,10/30/2025,Dealer_QQ,D043,"Bismarck, ND",ND,58501,ET,13,4,30500,BATCH_002
VIN_XXXXXXXXXX342,2023,HYUNDAI,IONIQ 5,Limited,19413,A,1/15/2026,23300,10/12/2025,Dealer_UU,D047,"Columbus, OH",OH,43201,ET,13,2,36550,BATCH_001
VIN_XXXXXXXXXX343,2024,HYUNDAI,IONIQ 5,SEL,6878,A,1/28/2026,27100,11/20/2025,Dealer_U,D021,"Pierre, SD",SD,57501,FT,13,1,43200,BATCH_003
VIN_XXXXXXXXXX344,2024,HYUNDAI,IONIQ 5,SEL,12439,A,10/30/2025,25850,11/15/2025,Dealer_DD,D030,"San Antonio, TX",TX,78201,FT,13,1,40700,BATCH_003
VIN_XXXXXXXXXX345,2022,HYUNDAI,IONIQ 5,SE,36716,C,10/25/2025,16350,11/10/2025,Dealer_B,D002,"Sacramento, CA",CA,95814,FT,13,3,29150,BATCH_002
VIN_XXXXXXXXXX346,2023,HYUNDAI,IONIQ 5,Limited,26377,B,2/2/2026,16150,12/5/2025,Dealer_QQ,D043,"Bismarck, ND",ND,58501,ET,13,2,25700,BATCH_001
VIN_XXXXXXXXXX347,2022,HYUNDAI,IONIQ 5,SE,38629,C,12/15/2025,14750,10/30/2025,Dealer_H,D008,"Topeka, KS",KS,66603,FT,13,3,26850,BATCH_002
VIN_XXXXXXXXXX348,2022,HYUNDAI,IONIQ 5,SE,35124,C,11/18/2025,17600,10/20/2025,Dealer_CC,D029,"Jackson, MS",MS,39201,FT,13,3,30950,BATCH_002
VIN_XXXXXXXXXX349,2023,HYUNDAI,IONIQ 5,Limited,19715,A,12/8/2025,21300,12/28/2025,Dealer_GG,D033,"Los Angeles, CA",CA,90210,FT,13,2,33450,BATCH_002
VIN_XXXXXXXXXX350,2023,HYUNDAI,IONIQ 5,Limited,16894,A,11/20/2025,20700,1/12/2026,Dealer_PP,D042,"Milwaukee, WI",WI,53201,FT,13,2,32550,BATCH_001
VIN_XXXXXXXXXX351,2023,HYUNDAI,IONIQ 5,Limited,24878,B,11/5/2025,19250,1/20/2026,Dealer_NN,D040,"Little Rock, AR",AR,72201,ET,13,2,30700,BATCH_001
VIN_XXXXXXXXXX352,2023,HYUNDAI,IONIQ 5,Limited,26865,B,1/20/2026,21100,12/8/2025,Dealer_EE,D031,"Salt Lake City, UT",UT,84101,FT,13,2,33650,BATCH_001
VIN_XXXXXXXXXX353,2024,HYUNDAI,IONIQ 5,SEL,7492,A,1/22/2026,24400,12/15/2025,Dealer_Y,D025,"Indianapolis, IN",IN,46201,FT,13,1,39000,BATCH_003
VIN_XXXXXXXXXX354,2024,HYUNDAI,IONIQ 5,SEL,10573,A,10/28/2025,22100,11/12/2025,Dealer_N,D014,"Las Vegas, NV",NV,89101,FT,13,1,34850,BATCH_003
VIN_XXXXXXXXXX355,2023,HYUNDAI,IONIQ 5,Limited,17323,A,1/28/2026,24300,11/15/2025,Dealer_G,D007,"Phoenix, AZ",AZ,85001,ET,13,2,37900,BATCH_001
VIN_XXXXXXXXXX356,2022,HYUNDAI,IONIQ 5,SE,42463,C,10/18/2025,16100,12/28/2025,Dealer_NN,D040,"Little Rock, AR",AR,72201,ET,13,4,29200,BATCH_002
VIN_XXXXXXXXXX357,2023,HYUNDAI,IONIQ 5,Limited,25104,B,1/5/2026,22850,10/25/2025,Dealer_HH,D034,"Houston, TX",TX,77001,ET,13,2,36700,BATCH_001
VIN_XXXXXXXXXX358,2024,HYUNDAI,IONIQ 5,SEL,6981,A,10/20/2025,22250,11/12/2025,Dealer_H,D008,"Topeka, KS",KS,66603,FT,13,1,35200,BATCH_003
VIN_XXXXXXXXXX359,2023,HYUNDAI,IONIQ 5,Limited,25983,B,11/18/2025,18250,1/28/2026,Dealer_QQ,D043,"Bismarck, ND",ND,58501,ET,13,2,29050,BATCH_001
VIN_XXXXXXXXXX360,2023,HYUNDAI,IONIQ 5,Limited,21285,A,11/22/2025,20900,1/15/2026,Dealer_CC,D029,"Jackson, MS",MS,39201,FT,13,2,32700,BATCH_001
VIN_XXXXXXXXXX361,2024,HYUNDAI,IONIQ 5,SEL,12997,A,12/20/2025,22100,11/5/2025,Dealer_WW,D049,"Carson City, NV",NV,89701,ET,13,1,35000,BATCH_003
VIN_XXXXXXXXXX362,2022,HYUNDAI,IONIQ 5,SE,34432,C,11/28/2025,14350,2/2/2026,Dealer_EE,D031,"Salt Lake City, UT",UT,84101,FT,13,3,25450,BATCH_002
VIN_XXXXXXXXXX363,2024,HYUNDAI,IONIQ 5,SEL,10569,A,12/15/2025,23750,11/12/2025,Dealer_AA,D027,"Nashville, TN",TN,37201,ET,13,1,37650,BATCH_003
VIN_XXXXXXXXXX364,2024,HYUNDAI,IONIQ 5,SEL,9301,A,1/12/2026,21450,12/25/2025,Dealer_R,D018,"Wilmington, DE",DE,19801,FT,13,1,33950,BATCH_003
VIN_XXXXXXXXXX365,2023,HYUNDAI,IONIQ 5,Limited,22305,B,2/2/2026,19400,12/18/2025,Dealer_RR,D044,"Hartford, CT",CT,6103,ET,13,2,30850,BATCH_001
VIN_XXXXXXXXXX366,2022,HYUNDAI,IONIQ 5,SE,36336,C,10/18/2025,15050,12/25/2025,Dealer_KK,D037,"Boise, ID",ID,83702,FT,13,3,27500,BATCH_002
VIN_XXXXXXXXXX367,2022,HYUNDAI,IONIQ 5,SE,35748,C,10/28/2025,16150,12/30/2025,Dealer_EE,D031,"Salt Lake City, UT",UT,84101,FT,13,3,29450,BATCH_002
VIN_XXXXXXXXXX368,2023,HYUNDAI,IONIQ 5,Limited,18171,A,2/2/2026,24150,12/10/2025,Dealer_VV,D048,"Lincoln, NE",NE,68508,FT,13,2,38250,BATCH_003
VIN_XXXXXXXXXX369,2023,HYUNDAI,IONIQ 5,Limited,24307,A,11/28/2025,21850,2/2/2026,Dealer_SS,D045,"Tampa, FL",FL,33601,FT,13,2,34750,BATCH_001
VIN_XXXXXXXXXX370,2022,HYUNDAI,IONIQ 5,SE,35675,C,10/15/2025,14750,11/20/2025,Dealer_P,D016,"Richmond, VA",VA,23218,FT,13,3,26950,BATCH_002
VIN_XXXXXXXXXX371,2024,HYUNDAI,IONIQ 5,SEL,11253,A,12/20/2025,26100,12/25/2025,Dealer_A,D001,"Portland, OR",OR,97201,ET,13,1,40850,BATCH_003
VIN_XXXXXXXXXX372,2023,HYUNDAI,IONIQ 5,Limited,25271,B,2/2/2026,19600,12/12/2025,Dealer_V,D022,"Minneapolis, MN",MN,55401,ET,13,2,31300,BATCH_001
VIN_XXXXXXXXXX373,2024,HYUNDAI,IONIQ 5,SEL,11077,A,10/18/2025,21000,11/30/2025,Dealer_E,D005,"Seattle, WA",WA,98101,FT,13,1,33200,BATCH_003
VIN_XXXXXXXXXX374,2022,HYUNDAI,IONIQ 5,SE,40995,C,10/25/2025,14650,12/15/2025,Dealer_I,D009,"Charleston, SC",SC,29401,ET,13,4,26450,BATCH_002
VIN_XXXXXXXXXX375,2024,HYUNDAI,IONIQ 5,SEL,9171,A,10/18/2025,27450,2/2/2026,Dealer_C,D003,"Albuquerque, NM",NM,87101,ET,13,1,43850,BATCH_003
VIN_XXXXXXXXXX376,2024,HYUNDAI,IONIQ 5,SEL,9251,A,12/25/2025,28250,10/12/2025,Dealer_O,D015,"Boston, MA",MA,2101,ET,13,1,45050,BATCH_003
VIN_XXXXXXXXXX377,2022,HYUNDAI,IONIQ 5,SE,30335,B,12/28/2025,16700,10/30/2025,Dealer_SS,D045,"Tampa, FL",FL,33601,FT,13,3,27400,BATCH_002
VIN_XXXXXXXXXX378,2023,HYUNDAI,IONIQ 5,Limited,19511,A,11/10/2025,21750,1/15/2026,Dealer_XX,D050,"Salem, OR",OR,97301,ET,13,2,34050,BATCH_001
VIN_XXXXXXXXXX379,2024,HYUNDAI,IONIQ 5,SEL,9907,A,1/12/2026,26950,11/28/2025,Dealer_W,D023,"Atlanta, GA",GA,30303,ET,13,1,42750,BATCH_003
VIN_XXXXXXXXXX380,2023,HYUNDAI,IONIQ 5,Limited,18826,A,1/22/2026,23250,12/30/2025,Dealer_P,D016,"Richmond, VA",VA,23218,FT,13,2,36550,BATCH_001
VIN_XXXXXXXXXX381,2023,HYUNDAI,IONIQ 5,Limited,18228,A,2/1/2026,23800,11/22/2025,Dealer_U,D021,"Pierre, SD",SD,57501,FT,13,2,37400,BATCH_001
VIN_XXXXXXXXXX382,2023,HYUNDAI,IONIQ 5,Limited,25596,B,11/20/2025,22050,1/28/2026,Dealer_X,D024,"Helena, MT",MT,59601,FT,13,2,35000,BATCH_001
VIN_XXXXXXXXXX383,2022,HYUNDAI,IONIQ 5,SE,47618,C,10/8/2025,15900,12/18/2025,Dealer_VV,D048,"Lincoln, NE",NE,68508,ET,13,4,28850,BATCH_002
VIN_XXXXXXXXXX384,2024,HYUNDAI,IONIQ 5,SEL,7768,A,12/22/2025,21850,10/18/2025,Dealer_QQ,D043,"Bismarck, ND",ND,58501,ET,13,1,34550,BATCH_003
VIN_XXXXXXXXXX385,2023,HYUNDAI,IONIQ 5,Limited,24183,B,2/2/2026,19250,12/28/2025,Dealer_XX,D050,"Salem, OR",OR,97301,ET,13,2,30650,BATCH_001
VIN_XXXXXXXXXX386,2024,HYUNDAI,IONIQ 5,SEL,9187,A,1/25/2026,21200,11/30/2025,Dealer_V,D022,"Minneapolis, MN",MN,55401,ET,13,1,33550,BATCH_003
VIN_XXXXXXXXXX387,2023,HYUNDAI,IONIQ 5,Limited,29063,B,2/1/2026,17500,11/8/2025,Dealer_OO,D041,"Oklahoma City, OK",OK,73101,FT,13,2,27850,BATCH_001
VIN_XXXXXXXXXX388,2024,HYUNDAI,IONIQ 5,SEL,8165,A,1/25/2026,27450,12/20/2025,Dealer_F,D006,"Olympia, WA",WA,98501,FT,13,1,43450,BATCH_003
VIN_XXXXXXXXXX389,2024,HYUNDAI,IONIQ 5,SEL,11840,A,1/8/2026,21600,11/30/2025,Dealer_I,D009,"Charleston, SC",SC,29401,ET,13,1,34050,BATCH_003
VIN_XXXXXXXXXX390,2023,HYUNDAI,IONIQ 5,Limited,21214,B,2/1/2026,20250,11/8/2025,Dealer_KK,D037,"Boise, ID",ID,83702,FT,13,2,32250,BATCH_001
VIN_XXXXXXXXXX391,2023,HYUNDAI,IONIQ 5,Limited,18593,A,2/1/2026,21750,10/15/2025,Dealer_VV,D048,"Lincoln, NE",NE,68508,FT,13,2,34450,BATCH_002
VIN_XXXXXXXXXX392,2023,HYUNDAI,IONIQ 5,Limited,18544,A,2/1/2026,24100,11/12/2025,Dealer_X,D024,"Helena, MT",MT,59601,FT,13,2,37850,BATCH_001
VIN_XXXXXXXXXX393,2023,HYUNDAI,IONIQ 5,Limited,28376,B,2/2/2026,19750,12/8/2025,Dealer_W,D023,"Atlanta, GA",GA,30303,ET,13,2,31450,BATCH_001
VIN_XXXXXXXXXX394,2024,HYUNDAI,IONIQ 5,SEL,13484,A,12/25/2025,22000,10/18/2025,Dealer_E,D005,"Seattle, WA",WA,98101,FT,13,1,34550,BATCH_003
VIN_XXXXXXXXXX395,2024,HYUNDAI,IONIQ 5,SEL,7945,A,10/18/2025,21050,11/28/2025,Dealer_U,D021,"Pierre, SD",SD,57501,FT,13,1,33250,BATCH_003
VIN_XXXXXXXXXX396,2022,HYUNDAI,IONIQ 5,SE,39268,B,11/20/2025,16950,2/2/2026,Dealer_H,D008,"Topeka, KS",KS,66603,FT,13,4,28600,BATCH_002
VIN_XXXXXXXXXX397,2024,HYUNDAI,IONIQ 5,SEL,8784,A,1/15/2026,26600,12/18/2025,Dealer_S,D019,"Detroit, MI",MI,48201,FT,13,1,42350,BATCH_003
VIN_XXXXXXXXXX398,2023,HYUNDAI,IONIQ 5,Limited,21230,A,2/2/2026,20600,12/5/2025,Dealer_I,D009,"Charleston, SC",SC,29401,ET,13,2,32700,BATCH_001
VIN_XXXXXXXXXX399,2023,HYUNDAI,IONIQ 5,Limited,19176,A,2/2/2026,23450,12/20/2025,Dealer_A,D001,"Portland, OR",OR,97201,ET,13,2,37350,BATCH_001
VIN_XXXXXXXXXX400,2023,HYUNDAI,IONIQ 5,Limited,28199,B,1/8/2026,17150,11/5/2025,Dealer_R,D018,"Wilmington, DE",DE,19801,FT,13,2,27000,BATCH_003
VIN_XXXXXXXXXX401,2024,HYUNDAI,IONIQ 5,SEL,12625,A,12/2/2025,25250,12/20/2025,Dealer_DD,D030,"San Antonio, TX",TX,78201,FT,13,1,40000,BATCH_003
VIN_XXXXXXXXXX402,2024,HYUNDAI,IONIQ 5,SEL,12539,A,1/25/2026,25550,12/8/2025,Dealer_II,D035,"Denver, CO",CO,80202,FT,13,1,40250,BATCH_003
VIN_XXXXXXXXXX403,2022,HYUNDAI,IONIQ 5,SE,41081,C,10/20/2025,17550,11/12/2025,Dealer_PP,D042,"Milwaukee, WI",WI,53201,FT,13,3,31800,BATCH_002
VIN_XXXXXXXXXX404,2024,HYUNDAI,IONIQ 5,SEL,7863,A,2/1/2026,27750,11/8/2025,Dealer_LL,D038,"Miami, FL",FL,33101,FT,13,1,44100,BATCH_001
VIN_XXXXXXXXXX405,2022,HYUNDAI,IONIQ 5,SE,42333,C,12/18/2025,13700,10/18/2025,Dealer_G,D007,"Phoenix, AZ",AZ,85001,ET,13,4,24700,BATCH_002
VIN_XXXXXXXXXX406,2022,HYUNDAI,IONIQ 5,SE,32073,C,10/15/2025,17800,11/18/2025,Dealer_R,D018,"Wilmington, DE",DE,19801,FT,13,3,31850,BATCH_002
VIN_XXXXXXXXXX407,2022,HYUNDAI,IONIQ 5,SE,26136,B,10/20/2025,17500,12/10/2025,Dealer_HH,D034,"Houston, TX",TX,77001,ET,13,4,29250,BATCH_002
VIN_XXXXXXXXXX408,2024,HYUNDAI,IONIQ 5,SEL,9404,A,12/18/2025,28150,10/20/2025,Dealer_FF,D032,"Birmingham, AL",AL,35203,FT,13,1,44700,BATCH_003
VIN_XXXXXXXXXX409,2022,HYUNDAI,IONIQ 5,SE,35664,C,11/22/2025,17700,10/30/2025,Dealer_HH,D034,"Houston, TX",TX,77001,ET,13,3,31050,BATCH_003
VIN_XXXXXXXXXX410,2024,HYUNDAI,IONIQ 5,SEL,7157,A,1/28/2026,24900,12/22/2025,Dealer_CC,D029,"Jackson, MS",MS,39201,FT,13,1,39500,BATCH_003
VIN_XXXXXXXXXX411,2023,HYUNDAI,IONIQ 5,Limited,16841,A,1/30/2026,20700,12/18/2025,Dealer_DD,D030,"San Antonio, TX",TX,78201,FT,13,2,32400,BATCH_001
VIN_XXXXXXXXXX412,2022,HYUNDAI,IONIQ 5,SE,38445,C,12/28/2025,18500,10/28/2025,Dealer_TT,D046,"Providence, RI",RI,2901,ET,13,3,32950,BATCH_002
VIN_XXXXXXXXXX413,2024,HYUNDAI,IONIQ 5,SEL,8750,A,12/22/2025,25300,10/18/2025,Dealer_TT,D046,"Providence, RI",RI,2901,ET,13,1,39900,BATCH_003
VIN_XXXXXXXXXX414,2024,HYUNDAI,IONIQ 5,SEL,8265,A,12/22/2025,27100,10/18/2025,Dealer_LL,D038,"Miami, FL",FL,33101,FT,13,1,42900,BATCH_003
VIN_XXXXXXXXXX415,2022,HYUNDAI,IONIQ 5,SE,41065,C,12/25/2025,13600,10/30/2025,Dealer_Y,D025,"Indianapolis, IN",IN,46201,FT,13,3,24750,BATCH_002
VIN_XXXXXXXXXX416,2023,HYUNDAI,IONIQ 5,Limited,25258,B,1/28/2026,20250,11/18/2025,Dealer_MM,D039,"Buffalo, NY",NY,14201,FT,13,2,32350,BATCH_001
VIN_XXXXXXXXXX417,2024,HYUNDAI,IONIQ 5,SEL,10862,A,10/12/2025,26200,2/2/2026,Dealer_V,D022,"Minneapolis, MN",MN,55401,ET,13,1,41500,BATCH_003
VIN_XXXXXXXXXX418,2023,HYUNDAI,IONIQ 5,Limited,27379,B,11/18/2025,20300,1/28/2026,Dealer_LL,D038,"Miami, FL",FL,33101,FT,13,2,32350,BATCH_001
VIN_XXXXXXXXXX419,2022,HYUNDAI,IONIQ 5,SE,31829,B,10/22/2025,19550,12/22/2025,Dealer_UU,D047,"Columbus, OH",OH,43201,ET,13,4,32650,BATCH_002
VIN_XXXXXXXXXX420,2023,HYUNDAI,IONIQ 5,Limited,20662,A,1/12/2026,23750,1/30/2026,Dealer_J,D010,"Philadelphia, PA",PA,19101,FT,13,2,37300,BATCH_003
VIN_XXXXXXXXXX421,2022,HYUNDAI,IONIQ 5,SE,39285,C,10/30/2025,14100,12/5/2025,Dealer_K,D011,"Des Moines, IA",IA,50309,ET,13,3,25700,BATCH_002
VIN_XXXXXXXXXX422,2022,HYUNDAI,IONIQ 5,SE,30799,B,12/20/2025,19300,10/30/2025,Dealer_I,D009,"Charleston, SC",SC,29401,ET,13,4,32300,BATCH_002
VIN_XXXXXXXXXX423,2022,HYUNDAI,IONIQ 5,SE,35545,B,11/10/2025,18750,1/28/2026,Dealer_QQ,D043,"Bismarck, ND",ND,58501,FT,13,4,31300,BATCH_002
VIN_XXXXXXXXXX424,2024,HYUNDAI,IONIQ 5,SEL,8164,A,10/22/2025,27950,2/2/2026,Dealer_NN,D040,"Little Rock, AR",AR,72201,ET,13,1,44550,BATCH_003
VIN_XXXXXXXXXX425,2022,HYUNDAI,IONIQ 5,SE,31007,B,12/10/2025,16300,10/25/2025,Dealer_PP,D042,"Milwaukee, WI",WI,53201,FT,13,4,27250,BATCH_002
VIN_XXXXXXXXXX426,2022,HYUNDAI,IONIQ 5,SE,32576,B,12/22/2025,16650,11/12/2025,Dealer_AA,D027,"Nashville, TN",TN,37201,FT,13,4,27950,BATCH_002
VIN_XXXXXXXXXX427,2022,HYUNDAI,IONIQ 5,SE,39452,C,12/15/2025,16700,10/25/2025,Dealer_CC,D029,"Jackson, MS",MS,39201,FT,13,3,30350,BATCH_002
VIN_XXXXXXXXXX428,2023,HYUNDAI,IONIQ 5,Limited,19017,A,1/12/2026,24800,12/5/2025,Dealer_KK,D037,"Boise, ID",ID,83702,FT,13,2,38900,BATCH_001
VIN_XXXXXXXXXX429,2024,HYUNDAI,IONIQ 5,SEL,8145,A,12/22/2025,28350,12/30/2025,Dealer_RR,D044,"Hartford, CT",CT,6103,ET,13,1,45300,BATCH_003
VIN_XXXXXXXXXX430,2023,HYUNDAI,IONIQ 5,Limited,20211,B,1/15/2026,19800,12/3/2025,Dealer_U,D021,"Pierre, SD",SD,57501,ET,13,2,31050,BATCH_003
VIN_XXXXXXXXXX431,2024,HYUNDAI,IONIQ 5,SEL,15504,A,12/20/2025,21500,11/18/2025,Dealer_B,D002,"Sacramento, CA",CA,95814,ET,13,1,33950,BATCH_003
VIN_XXXXXXXXXX432,2023,HYUNDAI,IONIQ 5,Limited,19915,B,2/1/2026,22450,11/30/2025,Dealer_R,D018,"Wilmington, DE",DE,19801,FT,13,2,35650,BATCH_001
VIN_XXXXXXXXXX433,2024,HYUNDAI,IONIQ 5,SEL,9676,A,10/25/2025,22100,11/22/2025,Dealer_X,D024,"Helena, MT",MT,59601,FT,13,1,35050,BATCH_003
VIN_XXXXXXXXXX434,2022,HYUNDAI,IONIQ 5,SE,28660,B,12/12/2025,19750,10/30/2025,Dealer_WW,D049,"Carson City, NV",NV,89701,ET,13,4,33150,BATCH_002
VIN_XXXXXXXXXX435,2024,HYUNDAI,IONIQ 5,SEL,10367,A,10/20/2025,27350,2/1/2026,Dealer_QQ,D043,"Bismarck, ND",ND,58501,ET,13,1,43200,BATCH_003
VIN_XXXXXXXXXX436,2022,HYUNDAI,IONIQ 5,SE,45445,C,11/22/2025,14150,2/1/2026,Dealer_K,D011,"Des Moines, IA",IA,50309,ET,13,4,25650,BATCH_002
VIN_XXXXXXXXXX437,2023,HYUNDAI,IONIQ 5,Limited,22666,A,11/18/2025,20150,1/25/2026,Dealer_F,D006,"Olympia, WA",WA,98501,FT,13,2,31800,BATCH_001
VIN_XXXXXXXXXX438,2022,HYUNDAI,IONIQ 5,SE,41221,C,10/30/2025,14300,11/12/2025,Dealer_OO,D041,"Oklahoma City, OK",OK,73101,FT,13,3,25950,BATCH_002
VIN_XXXXXXXXXX439,2024,HYUNDAI,IONIQ 5,SEL,9779,A,10/30/2025,23500,1/15/2026,Dealer_LL,D038,"Miami, FL",FL,33101,FT,13,1,37200,BATCH_003
VIN_XXXXXXXXXX440,2024,HYUNDAI,IONIQ 5,SEL,7816,A,10/25/2025,21700,1/18/2026,Dealer_F,D006,"Olympia, WA",WA,98501,FT,13,1,34650,BATCH_003
VIN_XXXXXXXXXX441,2024,HYUNDAI,IONIQ 5,SEL,10425,A,1/15/2026,25300,12/28/2025,Dealer_LL,D038,"Miami, FL",FL,33101,FT,13,1,39700,BATCH_003
VIN_XXXXXXXXXX442,2023,HYUNDAI,IONIQ 5,Limited,25059,B,2/2/2026,18500,12/28/2025,Dealer_T,D020,"Louisville, KY",KY,40201,ET,13,2,29550,BATCH_001
VIN_XXXXXXXXXX443,2023,HYUNDAI,IONIQ 5,Limited,20970,B,1/5/2026,18750,12/8/2025,Dealer_V,D022,"Minneapolis, MN",MN,55401,ET,13,2,29350,BATCH_003
VIN_XXXXXXXXXX444,2024,HYUNDAI,IONIQ 5,SEL,7877,A,1/30/2026,21700,11/8/2025,Dealer_W,D023,"Atlanta, GA",GA,30303,ET,13,1,34450,BATCH_003
VIN_XXXXXXXXXX445,2022,HYUNDAI,IONIQ 5,SE,35672,C,10/22/2025,16950,12/28/2025,Dealer_FF,D032,"Birmingham, AL",AL,35203,ET,13,3,30800,BATCH_002
VIN_XXXXXXXXXX446,2024,HYUNDAI,IONIQ 5,SEL,13865,A,12/30/2025,26250,10/12/2025,Dealer_HH,D034,"Houston, TX",TX,77001,ET,13,1,41150,BATCH_003
VIN_XXXXXXXXXX447,2023,HYUNDAI,IONIQ 5,Limited,20515,A,1/25/2026,23700,11/30/2025,Dealer_TT,D046,"Providence, RI",RI,2901,ET,13,2,37100,BATCH_001
VIN_XXXXXXXXXX448,2023,HYUNDAI,IONIQ 5,Limited,22867,B,1/18/2026,17400,12/20/2025,Dealer_S,D019,"Detroit, MI",MI,48201,FT,13,2,27800,BATCH_001
VIN_XXXXXXXXXX449,2022,HYUNDAI,IONIQ 5,SE,42657,C,10/15/2025,16350,11/30/2025,Dealer_D,D004,"Charlotte, NC",NC,28201,FT,13,3,29700,BATCH_002
VIN_XXXXXXXXXX450,2022,HYUNDAI,IONIQ 5,SE,33515,B,12/12/2025,16150,10/30/2025,Dealer_D,D004,"Charlotte, NC",NC,28201,FT,13,4,27300,BATCH_002
VIN_XXXXXXXXXX451,2023,HYUNDAI,IONIQ 5,Limited,23892,A,11/25/2025,24250,1/30/2026,Dealer_I,D009,"Charleston, SC",SC,29401,ET,13,2,38450,BATCH_001
VIN_XXXXXXXXXX452,2024,HYUNDAI,IONIQ 5,SEL,7410,A,12/18/2025,25600,10/15/2025,Dealer_PP,D042,"Milwaukee, WI",WI,53201,FT,13,1,40550,BATCH_003
VIN_XXXXXXXXXX453,2024,HYUNDAI,IONIQ 5,SEL,9029,A,10/15/2025,28050,2/2/2026,Dealer_AA,D027,"Nashville, TN",TN,37201,ET,13,1,44650,BATCH_003
VIN_XXXXXXXXXX454,2024,HYUNDAI,IONIQ 5,SEL,6721,A,10/28/2025,22600,11/8/2025,Dealer_D,D004,"Charlotte, NC",NC,28201,FT,13,1,36100,BATCH_003
VIN_XXXXXXXXXX455,2022,HYUNDAI,IONIQ 5,SE,34104,B,12/15/2025,19550,10/20/2025,Dealer_LL,D038,"Miami, FL",FL,33101,FT,13,4,33200,BATCH_002
VIN_XXXXXXXXXX456,2023,HYUNDAI,IONIQ 5,Limited,22470,B,10/25/2025,22350,12/18/2025,Dealer_RR,D044,"Hartford, CT",CT,6103,ET,13,2,35500,BATCH_002
VIN_XXXXXXXXXX457,2022,HYUNDAI,IONIQ 5,SE,35498,B,11/15/2025,15850,2/2/2026,Dealer_FF,D032,"Birmingham, AL",AL,35203,ET,13,4,26400,BATCH_002
VIN_XXXXXXXXXX458,2022,HYUNDAI,IONIQ 5,SE,38698,C,11/20/2025,16700,12/22/2025,Dealer_T,D020,"Louisville, KY",KY,40201,FT,13,4,30550,BATCH_002
VIN_XXXXXXXXXX459,2024,HYUNDAI,IONIQ 5,SEL,10020,A,2/2/2026,24750,1/15/2026,Dealer_D,D004,"Charlotte, NC",NC,28201,FT,13,1,39200,BATCH_001
VIN_XXXXXXXXXX460,2023,HYUNDAI,IONIQ 5,Limited,22607,B,1/30/2026,20750,12/25/2025,Dealer_Y,D025,"Indianapolis, IN",IN,46201,FT,13,2,33000,BATCH_001
VIN_XXXXXXXXXX461,2024,HYUNDAI,IONIQ 5,SEL,8948,A,1/20/2026,24250,11/15/2025,Dealer_G,D007,"Phoenix, AZ",AZ,85001,ET,13,1,38450,BATCH_003
VIN_XXXXXXXXXX462,2022,HYUNDAI,IONIQ 5,SE,29766,B,12/18/2025,18350,10/25/2025,Dealer_C,D003,"Albuquerque, NM",NM,87101,ET,13,4,31200,BATCH_002
VIN_XXXXXXXXXX463,2023,HYUNDAI,IONIQ 5,Limited,16410,A,1/20/2026,23500,11/8/2025,Dealer_NN,D040,"Little Rock, AR",AR,72201,ET,13,2,36950,BATCH_001
VIN_XXXXXXXXXX464,2024,HYUNDAI,IONIQ 5,SEL,7390,A,10/20/2025,27600,11/15/2025,Dealer_CC,D029,"Jackson, MS",MS,39201,FT,13,1,43850,BATCH_003
VIN_XXXXXXXXXX465,2024,HYUNDAI,IONIQ 5,SEL,11211,A,10/30/2025,26550,2/2/2026,Dealer_W,D023,"Atlanta, GA",GA,30303,ET,13,1,41800,BATCH_003
VIN_XXXXXXXXXX466,2023,HYUNDAI,IONIQ 5,Limited,18867,A,1/20/2026,25200,12/30/2025,Dealer_N,D014,"Las Vegas, NV",NV,89101,FT,13,2,39450,BATCH_001
VIN_XXXXXXXXXX467,2024,HYUNDAI,IONIQ 5,SEL,7052,A,12/20/2025,23450,10/20/2025,Dealer_NN,D040,"Little Rock, AR",AR,72201,ET,13,1,37450,BATCH_003
VIN_XXXXXXXXXX468,2022,HYUNDAI,IONIQ 5,SE,33953,B,10/25/2025,18650,11/20/2025,Dealer_B,D002,"Sacramento, CA",CA,95814,FT,13,4,31450,BATCH_002
VIN_XXXXXXXXXX469,2022,HYUNDAI,IONIQ 5,SE,27574,B,11/28/2025,19000,2/1/2026,Dealer_I,D009,"Charleston, SC",SC,29401,ET,13,4,31850,BATCH_002
VIN_XXXXXXXXXX470,2023,HYUNDAI,IONIQ 5,Limited,26494,B,1/30/2026,22100,10/18/2025,Dealer_EE,D031,"Salt Lake City, UT",UT,84101,FT,13,2,35200,BATCH_001
VIN_XXXXXXXXXX471,2023,HYUNDAI,IONIQ 5,Limited,23699,B,11/20/2025,19300,1/30/2026,Dealer_Y,D025,"Indianapolis, IN",IN,46201,FT,13,2,30750,BATCH_001
VIN_XXXXXXXXXX472,2022,HYUNDAI,IONIQ 5,SE,34393,C,10/20/2025,17400,1/25/2026,Dealer_BB,D028,"Kansas City, MO",MO,64101,ET,13,4,30800,BATCH_002
VIN_XXXXXXXXXX473,2022,HYUNDAI,IONIQ 5,SE,35785,C,10/15/2025,17600,12/28/2025,Dealer_N,D014,"Las Vegas, NV",NV,89101,FT,13,3,32100,BATCH_002
VIN_XXXXXXXXXX474,2024,HYUNDAI,IONIQ 5,SEL,9184,A,1/22/2026,25650,11/30/2025,Dealer_T,D020,"Louisville, KY",KY,40201,ET,13,1,40600,BATCH_003
VIN_XXXXXXXXXX475,2024,HYUNDAI,IONIQ 5,SEL,11207,A,12/25/2025,26800,10/25/2025,Dealer_U,D021,"Pierre, SD",SD,57501,FT,13,1,42500,BATCH_003
VIN_XXXXXXXXXX476,2024,HYUNDAI,IONIQ 5,SEL,9518,A,1/28/2026,21400,11/15/2025,Dealer_Z,D026,"Cheyenne, WY",WY,82001,ET,13,1,33850,BATCH_003
VIN_XXXXXXXXXX477,2023,HYUNDAI,IONIQ 5,Limited,23334,B,1/10/2026,22200,10/22/2025,Dealer_V,D022,"Minneapolis, MN",MN,55401,ET,13,2,35200,BATCH_002
VIN_XXXXXXXXXX478,2024,HYUNDAI,IONIQ 5,SEL,14006,A,12/28/2025,23200,10/22/2025,Dealer_R,D018,"Wilmington, DE",DE,19801,FT,13,1,36500,BATCH_003
VIN_XXXXXXXXXX479,2024,HYUNDAI,IONIQ 5,SEL,8455,A,12/28/2025,26000,10/25/2025,Dealer_RR,D044,"Hartford, CT",CT,6103,ET,13,1,41100,BATCH_003
VIN_XXXXXXXXXX480,2022,HYUNDAI,IONIQ 5,SE,45317,C,12/20/2025,18200,10/28/2025,Dealer_H,D008,"Topeka, KS",KS,66603,ET,13,3,33000,BATCH_002
VIN_XXXXXXXXXX481,2024,HYUNDAI,IONIQ 5,SEL,11726,A,1/30/2026,24050,12/28/2025,Dealer_GG,D033,"Los Angeles, CA",CA,90210,FT,13,1,38050,BATCH_003
VIN_XXXXXXXXXX482,2023,HYUNDAI,IONIQ 5,Limited,27610,B,1/30/2026,19300,12/30/2025,Dealer_L,D012,"Baton Rouge, LA",LA,70801,FT,13,2,30650,BATCH_001
VIN_XXXXXXXXXX483,2023,HYUNDAI,IONIQ 5,Limited,23226,B,2/2/2026,21800,12/28/2025,Dealer_NN,D040,"Little Rock, AR",AR,72201,ET,13,2,34650,BATCH_001
VIN_XXXXXXXXXX484,2022,HYUNDAI,IONIQ 5,SE,36352,C,12/30/2025,17200,10/30/2025,Dealer_QQ,D043,"Bismarck, ND",ND,58501,ET,13,3,31350,BATCH_002
VIN_XXXXXXXXXX485,2024,HYUNDAI,IONIQ 5,SEL,10880,A,11/12/2025,22100,12/15/2025,Dealer_UU,D047,"Columbus, OH",OH,43201,FT,13,1,35500,BATCH_001
VIN_XXXXXXXXXX486,2024,HYUNDAI,IONIQ 5,SEL,11801,A,10/15/2025,24350,11/20/2025,Dealer_B,D002,"Sacramento, CA",CA,95814,FT,13,1,38250,BATCH_003
VIN_XXXXXXXXXX487,2023,HYUNDAI,IONIQ 5,Limited,21400,A,12/5/2025,24500,1/22/2026,Dealer_NN,D040,"Little Rock, AR",AR,72201,ET,13,2,38900,BATCH_001
VIN_XXXXXXXXXX488,2024,HYUNDAI,IONIQ 5,SEL,9054,A,12/18/2025,28150,10/15/2025,Dealer_M,D013,"Dallas, TX",TX,75201,FT,13,1,44650,BATCH_003
VIN_XXXXXXXXXX489,2023,HYUNDAI,IONIQ 5,Limited,19713,A,2/1/2026,24000,11/22/2025,Dealer_II,D035,"Denver, CO",CO,80202,FT,13,2,37550,BATCH_001
VIN_XXXXXXXXXX490,2022,HYUNDAI,IONIQ 5,SE,33195,B,12/12/2025,17250,10/25/2025,Dealer_P,D016,"Richmond, VA",VA,23218,FT,13,4,28800,BATCH_002
VIN_XXXXXXXXXX491,2023,HYUNDAI,IONIQ 5,Limited,19732,B,11/12/2025,23400,1/20/2026,Dealer_KK,D037,"Boise, ID",ID,83702,FT,13,2,37250,BATCH_001
VIN_XXXXXXXXXX492,2022,HYUNDAI,IONIQ 5,SE,36830,C,10/20/2025,16550,12/30/2025,Dealer_A,D001,"Portland, OR",OR,97201,ET,13,3,29350,BATCH_002
VIN_XXXXXXXXXX493,2024,HYUNDAI,IONIQ 5,SEL,8541,A,12/25/2025,22650,10/18/2025,Dealer_B,D002,"Sacramento, CA",CA,95814,FT,13,1,35800,BATCH_003
VIN_XXXXXXXXXX494,2023,HYUNDAI,IONIQ 5,Limited,23283,B,11/8/2025,19150,12/30/2025,Dealer_MM,D039,"Buffalo, NY",NY,14201,ET,13,2,30650,BATCH_002
VIN_XXXXXXXXXX495,2022,HYUNDAI,IONIQ 5,SE,25459,B,12/5/2025,17100,10/28/2025,Dealer_T,D020,"Louisville, KY",KY,40201,ET,13,4,28250,BATCH_002
VIN_XXXXXXXXXX496,2023,HYUNDAI,IONIQ 5,Limited,21272,A,11/28/2025,23600,1/18/2026,Dealer_L,D012,"Baton Rouge, LA",LA,70801,FT,13,2,37400,BATCH_001
VIN_XXXXXXXXXX497,2023,HYUNDAI,IONIQ 5,Limited,20968,A,2/1/2026,20650,11/12/2025,Dealer_U,D021,"Pierre, SD",SD,57501,FT,13,2,32400,BATCH_001
VIN_XXXXXXXXXX498,2024,HYUNDAI,IONIQ 5,SEL,13157,A,12/30/2025,21700,10/22/2025,Dealer_SS,D045,"Tampa, FL",FL,33601,FT,13,1,34000,BATCH_003
VIN_XXXXXXXXXX499,2023,HYUNDAI,IONIQ 5,Limited,25129,B,2/1/2026,17300,11/5/2025,Dealer_L,D012,"Baton Rouge, LA",LA,70801,FT,13,2,27550,BATCH_001
VIN_XXXXXXXXXX500,2023,HYUNDAI,IONIQ 5,Limited,19477,A,1/20/2026,23550,12/3/2025,Dealer_K,D011,"Des Moines, IA",IA,50309,ET,13,2,36900,BATCH_001
VIN_XXXXXXXXXX501,2023,HYUNDAI,IONIQ 5,Limited,24780,B,1/12/2026,22700,10/15/2025,Dealer_T,D020,"Louisville, KY",KY,40201,ET,13,2,36200,BATCH_001
VIN_XXXXXXXXXX502,2022,HYUNDAI,IONIQ 5,SE,37576,B,12/30/2025,17550,10/18/2025,Dealer_C,D003,"Albuquerque, NM",NM,87101,ET,13,4,29750,BATCH_002
VIN_XXXXXXXXXX503,2023,HYUNDAI,IONIQ 5,Limited,25154,B,2/2/2026,20300,12/22/2025,Dealer_FF,D032,"Birmingham, AL",AL,35203,ET,13,2,32350,BATCH_001
VIN_XXXXXXXXXX504,2024,HYUNDAI,IONIQ 5,SEL,7880,A,10/18/2025,26600,11/8/2025,Dealer_OO,D041,"Oklahoma City, OK",OK,73101,ET,13,1,42250,BATCH_001
VIN_XXXXXXXXXX505,2023,HYUNDAI,IONIQ 5,Limited,14817,A,2/1/2026,26000,11/10/2025,Dealer_P,D016,"Richmond, VA",VA,23218,FT,13,2,40750,BATCH_001
VIN_XXXXXXXXXX506,2022,HYUNDAI,IONIQ 5,SE,39869,C,12/10/2025,13700,10/30/2025,Dealer_W,D023,"Atlanta, GA",GA,30303,ET,13,3,24850,BATCH_002
VIN_XXXXXXXXXX507,2022,HYUNDAI,IONIQ 5,SE,40906,C,11/22/2025,13200,2/2/2026,Dealer_S,D019,"Detroit, MI",MI,48201,FT,13,4,23700,BATCH_002
VIN_XXXXXXXXXX508,2022,HYUNDAI,IONIQ 5,SE,41134,C,11/30/2025,16550,2/2/2026,Dealer_SS,D045,"Tampa, FL",FL,33601,FT,13,4,30000,BATCH_002
VIN_XXXXXXXXXX509,2022,HYUNDAI,IONIQ 5,SE,44163,C,10/25/2025,13050,12/18/2025,Dealer_C,D003,"Albuquerque, NM",NM,87101,ET,13,3,23700,BATCH_002
VIN_XXXXXXXXXX510,2022,HYUNDAI,IONIQ 5,SE,34144,B,11/10/2025,19050,12/20/2025,Dealer_TT,D046,"Providence, RI",RI,2901,ET,13,4,32250,BATCH_002
VIN_XXXXXXXXXX511,2022,HYUNDAI,IONIQ 5,SE,48702,C,10/15/2025,16650,11/25/2025,Dealer_P,D016,"Richmond, VA",VA,23218,FT,13,3,30250,BATCH_002
VIN_XXXXXXXXXX512,2023,HYUNDAI,IONIQ 5,Limited,19861,A,11/18/2025,20800,1/28/2026,Dealer_K,D011,"Des Moines, IA",IA,50309,ET,13,2,33000,BATCH_001
VIN_XXXXXXXXXX513,2023,HYUNDAI,IONIQ 5,Limited,26595,B,2/1/2026,22150,11/28/2025,Dealer_E,D005,"Seattle, WA",WA,98101,FT,13,2,35350,BATCH_001
VIN_XXXXXXXXXX514,2022,HYUNDAI,IONIQ 5,SE,42249,C,10/25/2025,17500,12/18/2025,Dealer_BB,D028,"Kansas City, MO",MO,64101,ET,13,3,31950,BATCH_002
VIN_XXXXXXXXXX515,2023,HYUNDAI,IONIQ 5,Limited,15353,A,11/22/2025,22950,1/25/2026,Dealer_C,D003,"Albuquerque, NM",NM,87101,ET,13,2,36000,BATCH_001
VIN_XXXXXXXXXX516,2022,HYUNDAI,IONIQ 5,SE,35513,B,12/8/2025,18150,10/30/2025,Dealer_SS,D045,"Tampa, FL",FL,33601,FT,13,4,30650,BATCH_002
VIN_XXXXXXXXXX517,2023,HYUNDAI,IONIQ 5,Limited,24339,A,2/2/2026,21000,12/30/2025,Dealer_Q,D017,"Juneau, AK",AK,99801,ET,13,2,33400,BATCH_001
VIN_XXXXXXXXXX518,2022,HYUNDAI,IONIQ 5,SE,40780,C,10/28/2025,17950,12/15/2025,Dealer_XX,D050,"Salem, OR",OR,97301,ET,13,3,32650,BATCH_002
VIN_XXXXXXXXXX519,2023,HYUNDAI,IONIQ 5,Limited,29267,B,11/25/2025,18050,1/15/2026,Dealer_O,D015,"Boston, MA",MA,2101,ET,13,2,28750,BATCH_001
VIN_XXXXXXXXXX520,2024,HYUNDAI,IONIQ 5,SEL,9331,A,12/30/2025,23950,10/22/2025,Dealer_N,D014,"Las Vegas, NV",NV,89101,FT,13,1,37900,BATCH_003
VIN_XXXXXXXXXX521,2022,HYUNDAI,IONIQ 5,SE,38593,C,12/22/2025,14700,10/25/2025,Dealer_R,D018,"Wilmington, DE",DE,19801,FT,13,3,26750,BATCH_002
VIN_XXXXXXXXXX522,2024,HYUNDAI,IONIQ 5,SEL,11371,A,12/30/2025,22950,10/30/2025,Dealer_CC,D029,"Jackson, MS",MS,39201,FT,13,1,36400,BATCH_003
VIN_XXXXXXXXXX523,2022,HYUNDAI,IONIQ 5,SE,29473,B,11/12/2025,16250,2/1/2026,Dealer_UU,D047,"Columbus, OH",OH,43201,ET,13,4,26800,BATCH_002
VIN_XXXXXXXXXX524,2024,HYUNDAI,IONIQ 5,SEL,11821,A,1/30/2026,20300,12/30/2025,Dealer_XX,D050,"Salem, OR",OR,97301,ET,13,1,32000,BATCH_003
VIN_XXXXXXXXXX525,2023,HYUNDAI,IONIQ 5,Limited,16064,A,2/1/2026,24100,11/10/2025,Dealer_LL,D038,"Miami, FL",FL,33101,FT,13,2,37700,BATCH_001
VIN_XXXXXXXXXX526,2024,HYUNDAI,IONIQ 5,SEL,10020,A,12/25/2025,25350,10/25/2025,Dealer_I,D009,"Charleston, SC",SC,29401,ET,13,1,40100,BATCH_003
VIN_XXXXXXXXXX527,2022,HYUNDAI,IONIQ 5,SE,30967,B,12/20/2025,16400,10/30/2025,Dealer_J,D010,"Philadelphia, PA",PA,19101,ET,13,4,27700,BATCH_002
VIN_XXXXXXXXXX528,2022,HYUNDAI,IONIQ 5,SE,32460,C,11/22/2025,15550,2/1/2026,Dealer_J,D010,"Philadelphia, PA",PA,19101,ET,13,3,28150,BATCH_002
VIN_XXXXXXXXXX529,2024,HYUNDAI,IONIQ 5,SEL,8849,A,1/20/2026,25000,11/30/2025,Dealer_FF,D032,"Birmingham, AL",AL,35203,ET,13,1,39550,BATCH_003
VIN_XXXXXXXXXX530,2023,HYUNDAI,IONIQ 5,Limited,23325,B,11/18/2025,19050,1/12/2026,Dealer_N,D014,"Las Vegas, NV",NV,89101,FT,13,2,30400,BATCH_001
VIN_XXXXXXXXXX531,2022,HYUNDAI,IONIQ 5,SE,41603,C,10/22/2025,15850,12/15/2025,Dealer_RR,D044,"Hartford, CT",CT,6103,ET,13,3,28800,BATCH_002
VIN_XXXXXXXXXX532,2023,HYUNDAI,IONIQ 5,Limited,24694,B,2/1/2026,21300,11/12/2025,Dealer_M,D013,"Dallas, TX",TX,75201,FT,13,2,34000,BATCH_001
VIN_XXXXXXXXXX533,2024,HYUNDAI,IONIQ 5,SEL,12097,A,1/22/2026,23100,12/12/2025,Dealer_PP,D042,"Milwaukee, WI",WI,53201,FT,13,1,36500,BATCH_003
VIN_XXXXXXXXXX534,2024,HYUNDAI,IONIQ 5,SEL,9264,A,11/28/2025,22650,1/18/2026,Dealer_K,D011,"Des Moines, IA",IA,50309,FT,13,1,36100,BATCH_001
VIN_XXXXXXXXXX535,2023,HYUNDAI,IONIQ 5,Limited,25794,B,2/1/2026,22750,11/8/2025,Dealer_CC,D029,"Jackson, MS",MS,39201,FT,13,2,36150,BATCH_001
VIN_XXXXXXXXXX536,2022,HYUNDAI,IONIQ 5,SE,34481,C,12/30/2025,13800,10/25/2025,Dealer_JJ,D036,"San Diego, CA",CA,92101,ET,13,3,25050,BATCH_002
VIN_XXXXXXXXXX537,2024,HYUNDAI,IONIQ 5,SEL,11836,A,12/5/2025,21850,1/12/2026,Dealer_C,D003,"Albuquerque, NM",NM,87101,FT,13,1,34400,BATCH_001
VIN_XXXXXXXXXX538,2023,HYUNDAI,IONIQ 5,Limited,25425,B,11/25/2025,16950,1/25/2026,Dealer_L,D012,"Baton Rouge, LA",LA,70801,FT,13,2,27100,BATCH_001
VIN_XXXXXXXXXX539,2023,HYUNDAI,IONIQ 5,Limited,23900,A,1/30/2026,24100,12/3/2025,Dealer_F,D006,"Olympia, WA",WA,98501,FT,13,2,38300,BATCH_001
VIN_XXXXXXXXXX540,2022,HYUNDAI,IONIQ 5,SE,30192,B,12/12/2025,17600,10/25/2025,Dealer_L,D012,"Baton Rouge, LA",LA,70801,FT,13,4,29350,BATCH_002
VIN_XXXXXXXXXX541,2024,HYUNDAI,IONIQ 5,SEL,7918,A,1/25/2026,26850,11/30/2025,Dealer_AA,D027,"Nashville, TN",TN,37201,ET,13,1,42950,BATCH_003
VIN_XXXXXXXXXX542,2022,HYUNDAI,IONIQ 5,SE,40676,C,12/18/2025,14550,10/28/2025,Dealer_BB,D028,"Kansas City, MO",MO,64101,ET,13,3,26450,BATCH_002
VIN_XXXXXXXXXX543,2022,HYUNDAI,IONIQ 5,SE,29502,B,10/25/2025,17450,12/25/2025,Dealer_JJ,D036,"San Diego, CA",CA,92101,ET,13,4,29200,BATCH_002
VIN_XXXXXXXXXX544,2023,HYUNDAI,IONIQ 5,Limited,23151,B,11/12/2025,23050,1/22/2026,Dealer_B,D002,"Sacramento, CA",CA,95814,FT,13,2,36600,BATCH_001
VIN_XXXXXXXXXX545,2024,HYUNDAI,IONIQ 5,SEL,10785,A,12/20/2025,22350,10/30/2025,Dealer_XX,D050,"Salem, OR",OR,97301,ET,13,1,35150,BATCH_003
VIN_XXXXXXXXXX546,2023,HYUNDAI,IONIQ 5,Limited,21085,A,12/8/2025,19750,11/25/2025,Dealer_GG,D033,"Los Angeles, CA",CA,90210,FT,13,2,31200,BATCH_001
VIN_XXXXXXXXXX547,2024,HYUNDAI,IONIQ 5,SEL,10793,A,10/30/2025,21000,2/1/2026,Dealer_MM,D039,"Buffalo, NY",NY,14201,FT,13,1,33250,BATCH_003
VIN_XXXXXXXXXX548,2023,HYUNDAI,IONIQ 5,Limited,27468,B,1/25/2026,20100,12/22/2025,Dealer_W,D023,"Atlanta, GA",GA,30303,ET,13,2,31950,BATCH_001
VIN_XXXXXXXXXX549,2022,HYUNDAI,IONIQ 5,SE,32639,C,12/12/2025,17150,10/30/2025,Dealer_DD,D030,"San Antonio, TX",TX,78201,FT,13,3,30900,BATCH_002
VIN_XXXXXXXXXX550,2023,HYUNDAI,IONIQ 5,Limited,27642,B,1/28/2026,21550,11/18/2025,Dealer_JJ,D036,"San Diego, CA",CA,92101,ET,13,2,34300,BATCH_001
VIN_XXXXXXXXXX551,2022,HYUNDAI,IONIQ 5,SE,37762,B,11/25/2025,15100,2/2/2026,Dealer_X,D024,"Helena, MT",MT,59601,FT,13,4,25400,BATCH_002
VIN_XXXXXXXXXX552,2023,HYUNDAI,IONIQ 5,Limited,31727,B,1/25/2026,21350,11/5/2025,Dealer_A,D001,"Portland, OR",OR,97201,ET,13,2,34050,BATCH_001
VIN_XXXXXXXXXX553,2023,HYUNDAI,IONIQ 5,Limited,25803,B,1/20/2026,17900,12/10/2025,Dealer_II,D035,"Denver, CO",CO,80202,FT,13,2,28500,BATCH_001
VIN_XXXXXXXXXX554,2022,HYUNDAI,IONIQ 5,SE,35188,B,12/18/2025,20100,10/25/2025,Dealer_K,D011,"Des Moines, IA",IA,50309,ET,13,4,34000,BATCH_002
VIN_XXXXXXXXXX555,2023,HYUNDAI,IONIQ 5,Limited,17716,A,11/25/2025,22150,12/25/2025,Dealer_R,D018,"Wilmington, DE",DE,19801,FT,13,2,34700,BATCH_001
VIN_XXXXXXXXXX556,2022,HYUNDAI,IONIQ 5,SE,34516,B,12/8/2025,15300,10/12/2025,Dealer_X,D024,"Helena, MT",MT,59601,FT,13,4,25800,BATCH_002
VIN_XXXXXXXXXX557,2024,HYUNDAI,IONIQ 5,SEL,8435,A,10/20/2025,23000,11/28/2025,Dealer_KK,D037,"Boise, ID",ID,83702,FT,13,1,36650,BATCH_003
VIN_XXXXXXXXXX558,2022,HYUNDAI,IONIQ 5,SE,45217,C,11/18/2025,16600,1/30/2026,Dealer_Q,D017,"Juneau, AK",AK,99801,ET,13,3,30700,BATCH_002
VIN_XXXXXXXXXX559,2022,HYUNDAI,IONIQ 5,SE,32717,B,10/25/2025,17900,11/12/2025,Dealer_U,D021,"Pierre, SD",SD,57501,FT,13,4,30200,BATCH_002
VIN_XXXXXXXXXX560,2024,HYUNDAI,IONIQ 5,SEL,7067,A,2/1/2026,23050,12/12/2025,Dealer_II,D035,"Denver, CO",CO,80202,FT,13,1,36600,BATCH_001
VIN_XXXXXXXXXX561,2022,HYUNDAI,IONIQ 5,SE,45438,C,12/12/2025,13900,10/28/2025,Dealer_N,D014,"Las Vegas, NV",NV,89101,FT,13,4,25200,BATCH_002
VIN_XXXXXXXXXX562,2023,HYUNDAI,IONIQ 5,Limited,15687,A,1/10/2026,20150,12/30/2025,Dealer_OO,D041,"Oklahoma City, OK",OK,73101,FT,13,2,31500,BATCH_001
VIN_XXXXXXXXXX563,2024,HYUNDAI,IONIQ 5,SEL,13576,A,1/15/2026,25200,11/25/2025,Dealer_A,D001,"Portland, OR",OR,97201,ET,13,1,39600,BATCH_003
VIN_XXXXXXXXXX564,2024,HYUNDAI,IONIQ 5,SEL,8238,A,10/18/2025,27500,11/25/2025,Dealer_P,D016,"Richmond, VA",VA,23218,FT,13,1,43450,BATCH_003
VIN_XXXXXXXXXX565,2022,HYUNDAI,IONIQ 5,SE,44821,C,11/25/2025,16700,2/1/2026,Dealer_JJ,D036,"San Diego, CA",CA,92101,ET,13,4,30450,BATCH_002
VIN_XXXXXXXXXX566,2022,HYUNDAI,IONIQ 5,SE,29590,B,2/1/2026,18250,1/12/2026,Dealer_OO,D041,"Oklahoma City, OK",OK,73101,FT,13,4,31350,BATCH_003
VIN_XXXXXXXXXX567,2022,HYUNDAI,IONIQ 5,SE,27441,B,12/8/2025,17150,10/25/2025,Dealer_AA,D027,"Nashville, TN",TN,37201,ET,13,4,28700,BATCH_002
VIN_XXXXXXXXXX568,2022,HYUNDAI,IONIQ 5,SE,43970,C,11/12/2025,14700,2/2/2026,Dealer_KK,D037,"Boise, ID",ID,83702,FT,13,3,26850,BATCH_002
VIN_XXXXXXXXXX569,2024,HYUNDAI,IONIQ 5,SEL,10643,A,12/2/2025,21850,10/12/2025,Dealer_DD,D030,"San Antonio, TX",TX,78201,FT,13,1,34700,BATCH_001
VIN_XXXXXXXXXX570,2024,HYUNDAI,IONIQ 5,SEL,9058,A,1/8/2026,24700,11/22/2025,Dealer_V,D022,"Minneapolis, MN",MN,55401,ET,13,1,39000,BATCH_003
VIN_XXXXXXXXXX571,2023,HYUNDAI,IONIQ 5,Limited,18693,A,11/18/2025,23850,1/28/2026,Dealer_U,D021,"Pierre, SD",SD,57501,FT,13,2,37450,BATCH_001
VIN_XXXXXXXXXX572,2024,HYUNDAI,IONIQ 5,SEL,12760,A,10/30/2025,22200,12/20/2025,Dealer_K,D011,"Des Moines, IA",IA,50309,ET,13,1,35050,BATCH_003
VIN_XXXXXXXXXX573,2023,HYUNDAI,IONIQ 5,Limited,19526,A,2/2/2026,22250,12/22/2025,Dealer_UU,D047,"Columbus, OH",OH,43201,ET,13,2,35250,BATCH_001
VIN_XXXXXXXXXX574,2022,HYUNDAI,IONIQ 5,SE,43392,C,11/30/2025,16250,11/28/2025,Dealer_OO,D041,"Oklahoma City, OK",OK,73101,FT,13,3,29600,BATCH_002
VIN_XXXXXXXXXX575,2022,HYUNDAI,IONIQ 5,SE,34194,C,12/25/2025,16000,10/22/2025,Dealer_Q,D017,"Juneau, AK",AK,99801,ET,13,4,28950,BATCH_002
VIN_XXXXXXXXXX576,2024,HYUNDAI,IONIQ 5,SEL,7520,A,10/15/2025,22650,12/18/2025,Dealer_XX,D050,"Salem, OR",OR,97301,ET,13,1,35950,BATCH_003
VIN_XXXXXXXXXX577,2024,HYUNDAI,IONIQ 5,SEL,12115,A,1/12/2026,25900,11/22/2025,Dealer_H,D008,"Topeka, KS",KS,66603,FT,13,1,40650,BATCH_003
VIN_XXXXXXXXXX578,2024,HYUNDAI,IONIQ 5,SEL,8532,A,10/28/2025,26000,1/22/2026,Dealer_Q,D017,"Juneau, AK",AK,99801,ET,13,1,41350,BATCH_001
VIN_XXXXXXXXXX579,2023,HYUNDAI,IONIQ 5,Limited,22405,B,2/1/2026,17950,11/22/2025,Dealer_BB,D028,"Kansas City, MO",MO,64101,ET,13,2,28700,BATCH_001
VIN_XXXXXXXXXX580,2022,HYUNDAI,IONIQ 5,SE,38697,C,11/18/2025,13450,11/20/2025,Dealer_JJ,D036,"San Diego, CA",CA,92101,FT,13,3,24400,BATCH_003
VIN_XXXXXXXXXX581,2022,HYUNDAI,IONIQ 5,SE,38283,C,10/18/2025,16700,11/25/2025,Dealer_II,D035,"Denver, CO",CO,80202,FT,13,3,30450,BATCH_002
VIN_XXXXXXXXXX582,2022,HYUNDAI,IONIQ 5,SE,31062,B,10/30/2025,18750,11/25/2025,Dealer_MM,D039,"Buffalo, NY",NY,14201,FT,13,4,31050,BATCH_002
VIN_XXXXXXXXXX583,2023,HYUNDAI,IONIQ 5,Limited,20376,A,2/1/2026,22550,11/8/2025,Dealer_SS,D045,"Tampa, FL",FL,33601,FT,13,2,35250,BATCH_001
VIN_XXXXXXXXXX584,2024,HYUNDAI,IONIQ 5,SEL,11126,A,1/20/2026,24000,12/18/2025,Dealer_UU,D047,"Columbus, OH",OH,43201,ET,13,1,37950,BATCH_003
VIN_XXXXXXXXXX585,2022,HYUNDAI,IONIQ 5,SE,33231,B,12/15/2025,16650,10/25/2025,Dealer_O,D015,"Boston, MA",MA,2101,ET,13,4,27900,BATCH_002
VIN_XXXXXXXXXX586,2024,HYUNDAI,IONIQ 5,SEL,7876,A,1/28/2026,21900,12/25/2025,Dealer_KK,D037,"Boise, ID",ID,83702,FT,13,1,34950,BATCH_003
VIN_XXXXXXXXXX587,2022,HYUNDAI,IONIQ 5,SE,37847,C,1/28/2026,14750,1/30/2026,Dealer_M,D013,"Dallas, TX",TX,75201,ET,13,4,26450,BATCH_003
VIN_XXXXXXXXXX588,2023,HYUNDAI,IONIQ 5,Limited,22747,B,1/18/2026,21550,12/15/2025,Dealer_G,D007,"Phoenix, AZ",AZ,85001,ET,13,2,34150,BATCH_002
VIN_XXXXXXXXXX589,2023,HYUNDAI,IONIQ 5,Limited,23100,B,11/5/2025,20500,1/30/2026,Dealer_Z,D026,"Cheyenne, WY",WY,82001,ET,13,2,32750,BATCH_001
VIN_XXXXXXXXXX590,2023,HYUNDAI,IONIQ 5,Limited,19656,A,2/1/2026,20150,11/5/2025,Dealer_EE,D031,"Salt Lake City, UT",UT,84101,FT,13,2,31800,BATCH_001
VIN_XXXXXXXXXX591,2023,HYUNDAI,IONIQ 5,Limited,26361,B,11/30/2025,18750,1/15/2026,Dealer_EE,D031,"Salt Lake City, UT",UT,84101,FT,13,2,29900,BATCH_001
VIN_XXXXXXXXXX592,2024,HYUNDAI,IONIQ 5,SEL,14498,A,12/30/2025,24900,11/8/2025,Dealer_Y,D025,"Indianapolis, IN",IN,46201,FT,13,1,39050,BATCH_003
VIN_XXXXXXXXXX593,2023,HYUNDAI,IONIQ 5,Limited,26282,B,2/2/2026,20150,11/30/2025,Dealer_OO,D041,"Oklahoma City, OK",OK,73101,FT,13,2,32200,BATCH_001
VIN_XXXXXXXXXX594,2024,HYUNDAI,IONIQ 5,SEL,6718,A,10/12/2025,22050,11/15/2025,Dealer_L,D012,"Baton Rouge, LA",LA,70801,FT,13,1,35250,BATCH_003
VIN_XXXXXXXXXX595,2024,HYUNDAI,IONIQ 5,SEL,7108,A,1/12/2026,25850,12/8/2025,Dealer_NN,D040,"Little Rock, AR",AR,72201,ET,13,1,40750,BATCH_003
VIN_XXXXXXXXXX596,2022,HYUNDAI,IONIQ 5,SE,35636,C,12/8/2025,18650,10/25/2025,Dealer_MM,D039,"Buffalo, NY",NY,14201,FT,13,3,32850,BATCH_002
VIN_XXXXXXXXXX597,2023,HYUNDAI,IONIQ 5,Limited,19156,A,11/15/2025,23950,1/30/2026,Dealer_DD,D030,"San Antonio, TX",TX,78201,FT,13,2,37550,BATCH_001
VIN_XXXXXXXXXX598,2023,HYUNDAI,IONIQ 5,Limited,28106,B,2/2/2026,19200,12/5/2025,Dealer_Z,D026,"Cheyenne, WY",WY,82001,ET,13,2,30550,BATCH_001
VIN_XXXXXXXXXX599,2023,HYUNDAI,IONIQ 5,Limited,14854,A,1/25/2026,24050,10/20/2025,Dealer_M,D013,"Dallas, TX",TX,75201,FT,13,2,37650,BATCH_001
VIN_XXXXXXXXXX600,2022,HYUNDAI,IONIQ 5,SE,44934,C,11/12/2025,16050,2/2/2026,Dealer_E,D005,"Seattle, WA",WA,98101,FT,13,3,29450,BATCH_002
VIN_XXXXXXXXXX601,2023,HYUNDAI,IONIQ 5,Limited,24543,B,1/30/2026,19500,12/12/2025,Dealer_E,D005,"Seattle, WA",WA,98101,FT,13,2,31100,BATCH_001
VIN_XXXXXXXXXX602,2022,HYUNDAI,IONIQ 5,SE,40406,C,10/18/2025,13650,11/15/2025,Dealer_UU,D047,"Columbus, OH",OH,43201,ET,13,4,24750,BATCH_002
VIN_XXXXXXXXXX603,2024,HYUNDAI,IONIQ 5,SEL,10666,A,1/20/2026,20950,12/8/2025,Dealer_B,D002,"Sacramento, CA",CA,95814,FT,13,1,32950,BATCH_003
VIN_XXXXXXXXXX604,2024,HYUNDAI,IONIQ 5,SEL,8488,A,1/18/2026,24850,12/10/2025,Dealer_L,D012,"Baton Rouge, LA",LA,70801,FT,13,1,39250,BATCH_003
VIN_XXXXXXXXXX605,2024,HYUNDAI,IONIQ 5,SEL,8393,A,11/15/2025,23100,10/12/2025,Dealer_EE,D031,"Salt Lake City, UT",UT,84101,FT,13,1,36600,BATCH_001
VIN_XXXXXXXXXX606,2024,HYUNDAI,IONIQ 5,SEL,7815,A,1/28/2026,27050,11/18/2025,Dealer_TT,D046,"Providence, RI",RI,2901,ET,13,1,43250,BATCH_003
VIN_XXXXXXXXXX607,2022,HYUNDAI,IONIQ 5,SE,45519,C,11/22/2025,17200,2/1/2026,Dealer_QQ,D043,"Bismarck, ND",ND,58501,ET,13,3,31300,BATCH_002
VIN_XXXXXXXXXX608,2024,HYUNDAI,IONIQ 5,SEL,8413,A,12/22/2025,25650,10/22/2025,Dealer_W,D023,"Atlanta, GA",GA,30303,ET,13,1,40550,BATCH_003
VIN_XXXXXXXXXX609,2022,HYUNDAI,IONIQ 5,SE,42012,C,10/25/2025,15200,11/15/2025,Dealer_H,D008,"Topeka, KS",KS,66603,FT,13,3,27450,BATCH_002
VIN_XXXXXXXXXX610,2023,HYUNDAI,IONIQ 5,Limited,22023,B,2/2/2026,21450,1/20/2026,Dealer_A,D001,"Portland, OR",OR,97201,FT,13,2,33250,BATCH_003
VIN_XXXXXXXXXX611,2023,HYUNDAI,IONIQ 5,Limited,18146,B,10/28/2025,18150,11/5/2025,Dealer_G,D007,"Phoenix, AZ",AZ,85001,ET,13,2,28650,BATCH_003
VIN_XXXXXXXXXX612,2023,HYUNDAI,IONIQ 5,Limited,27849,B,2/2/2026,18850,12/8/2025,Dealer_J,D010,"Philadelphia, PA",PA,19101,ET,13,2,29950,BATCH_001
VIN_XXXXXXXXXX613,2022,HYUNDAI,IONIQ 5,SE,43028,C,11/10/2025,16550,2/1/2026,Dealer_FF,D032,"Birmingham, AL",AL,35203,ET,13,4,30200,BATCH_002
VIN_XXXXXXXXXX614,2023,HYUNDAI,IONIQ 5,Limited,17615,A,1/25/2026,25350,1/30/2026,Dealer_WW,D049,"Carson City, NV",NV,89701,FT,13,2,39500,BATCH_002
VIN_XXXXXXXXXX615,2024,HYUNDAI,IONIQ 5,SEL,8366,A,10/30/2025,23450,12/22/2025,Dealer_FF,D032,"Birmingham, AL",AL,35203,ET,13,1,37350,BATCH_003
VIN_XXXXXXXXXX616,2023,HYUNDAI,IONIQ 5,Limited,16243,A,1/25/2026,21300,12/18/2025,Dealer_F,D006,"Olympia, WA",WA,98501,FT,13,2,33300,BATCH_001
VIN_XXXXXXXXXX617,2022,HYUNDAI,IONIQ 5,SE,31968,B,12/12/2025,15050,10/20/2025,Dealer_O,D015,"Boston, MA",MA,2101,ET,13,4,25650,BATCH_002
VIN_XXXXXXXXXX618,2023,HYUNDAI,IONIQ 5,Limited,19598,A,11/30/2025,19850,1/10/2026,Dealer_A,D001,"Portland, OR",OR,97201,ET,13,2,31600,BATCH_001
VIN_XXXXXXXXXX619,2022,HYUNDAI,IONIQ 5,SE,36894,B,12/20/2025,17800,10/22/2025,Dealer_D,D004,"Charlotte, NC",NC,28201,FT,13,4,29850,BATCH_002
VIN_XXXXXXXXXX620,2023,HYUNDAI,IONIQ 5,Limited,23394,B,1/12/2026,18950,11/5/2025,Dealer_U,D021,"Pierre, SD",SD,57501,ET,13,2,30250,BATCH_002
VIN_XXXXXXXXXX621,2022,HYUNDAI,IONIQ 5,SE,31879,B,10/30/2025,17800,11/25/2025,Dealer_P,D016,"Richmond, VA",VA,23218,ET,13,3,30600,BATCH_002
VIN_XXXXXXXXXX622,2022,HYUNDAI,IONIQ 5,SE,34315,C,11/5/2025,16700,2/1/2026,Dealer_A,D001,"Portland, OR",OR,97201,ET,13,3,30550,BATCH_002
VIN_XXXXXXXXXX623,2024,HYUNDAI,IONIQ 5,SEL,12916,A,11/15/2025,24300,12/25/2025,Dealer_X,D024,"Helena, MT",MT,59601,ET,13,1,38600,BATCH_003
VIN_XXXXXXXXXX624,2023,HYUNDAI,IONIQ 5,Limited,23597,B,2/2/2026,21900,12/5/2025,Dealer_WW,D049,"Carson City, NV",NV,89701,ET,13,2,34900,BATCH_001
VIN_XXXXXXXXXX625,2023,HYUNDAI,IONIQ 5,Limited,23343,B,1/28/2026,19850,11/28/2025,Dealer_AA,D027,"Nashville, TN",TN,37201,ET,13,2,31700,BATCH_001
VIN_XXXXXXXXXX626,2024,HYUNDAI,IONIQ 5,SEL,11721,A,12/28/2025,26700,10/20/2025,Dealer_EE,D031,"Salt Lake City, UT",UT,84101,FT,13,1,42200,BATCH_003
VIN_XXXXXXXXXX627,2022,HYUNDAI,IONIQ 5,SE,35412,C,10/30/2025,16900,12/5/2025,Dealer_AA,D027,"Nashville, TN",TN,37201,ET,13,3,30650,BATCH_002
VIN_XXXXXXXXXX628,2023,HYUNDAI,IONIQ 5,Limited,17873,A,1/10/2026,24700,10/15/2025,Dealer_B,D002,"Sacramento, CA",CA,95814,FT,13,2,38800,BATCH_001
VIN_XXXXXXXXXX629,2024,HYUNDAI,IONIQ 5,SEL,13097,A,10/25/2025,22100,12/8/2025,Dealer_FF,D032,"Birmingham, AL",AL,35203,ET,13,1,34950,BATCH_001
VIN_XXXXXXXXXX630,2024,HYUNDAI,IONIQ 5,SEL,13715,A,12/28/2025,20300,10/20/2025,Dealer_D,D004,"Charlotte, NC",NC,28201,FT,13,1,31800,BATCH_003
VIN_XXXXXXXXXX631,2024,HYUNDAI,IONIQ 5,SEL,12177,A,1/20/2026,24950,11/30/2025,Dealer_WW,D049,"Carson City, NV",NV,89701,ET,13,1,39600,BATCH_003
VIN_XXXXXXXXXX632,2023,HYUNDAI,IONIQ 5,Limited,18283,A,2/2/2026,26500,12/20/2025,Dealer_O,D015,"Boston, MA",MA,2101,ET,13,2,41600,BATCH_001
VIN_XXXXXXXXXX633,2023,HYUNDAI,IONIQ 5,Limited,17560,A,2/1/2026,20250,11/25/2025,Dealer_H,D008,"Topeka, KS",KS,66603,FT,13,2,32200,BATCH_001
VIN_XXXXXXXXXX634,2022,HYUNDAI,IONIQ 5,SE,33721,C,11/12/2025,16750,12/22/2025,Dealer_LL,D038,"Miami, FL",FL,33101,FT,13,4,30450,BATCH_002
VIN_XXXXXXXXXX635,2022,HYUNDAI,IONIQ 5,SE,25223,B,12/30/2025,20550,10/18/2025,Dealer_XX,D050,"Salem, OR",OR,97301,ET,13,4,34400,BATCH_002
VIN_XXXXXXXXXX636,2022,HYUNDAI,IONIQ 5,SE,30864,B,10/15/2025,19800,12/25/2025,Dealer_I,D009,"Charleston, SC",SC,29401,ET,13,4,33450,BATCH_002
VIN_XXXXXXXXXX637,2023,HYUNDAI,IONIQ 5,Limited,30406,B,12/15/2025,17100,10/28/2025,Dealer_PP,D042,"Milwaukee, WI",WI,53201,FT,13,2,27350,BATCH_002
VIN_XXXXXXXXXX638,2024,HYUNDAI,IONIQ 5,SEL,9340,A,10/20/2025,25850,12/12/2025,Dealer_Z,D026,"Cheyenne, WY",WY,82001,FT,13,1,40800,BATCH_003
VIN_XXXXXXXXXX639,2023,HYUNDAI,IONIQ 5,Limited,21466,A,1/12/2026,20000,11/28/2025,Dealer_BB,D028,"Kansas City, MO",MO,64101,ET,13,2,31200,BATCH_001
VIN_XXXXXXXXXX640,2023,HYUNDAI,IONIQ 5,Limited,17894,A,11/30/2025,20700,1/8/2026,Dealer_V,D022,"Minneapolis, MN",MN,55401,ET,13,2,32400,BATCH_001
VIN_XXXXXXXXXX641,2024,HYUNDAI,IONIQ 5,SEL,7822,A,12/15/2025,22000,10/30/2025,Dealer_G,D007,"Phoenix, AZ",AZ,85001,ET,13,1,35000,BATCH_003
VIN_XXXXXXXXXX642,2022,HYUNDAI,IONIQ 5,SE,28717,B,12/28/2025,19100,10/25/2025,Dealer_DD,D030,"San Antonio, TX",TX,78201,ET,13,3,32250,BATCH_002
VIN_XXXXXXXXXX643,2022,HYUNDAI,IONIQ 5,SE,41085,C,10/5/2025,16400,12/3/2025,Dealer_S,D019,"Detroit, MI",MI,48201,ET,13,3,29800,BATCH_002
VIN_XXXXXXXXXX644,2024,HYUNDAI,IONIQ 5,SEL,7884,A,12/25/2025,27800,10/18/2025,Dealer_J,D010,"Philadelphia, PA",PA,19101,ET,13,1,44100,BATCH_003
VIN_XXXXXXXXXX645,2023,HYUNDAI,IONIQ 5,Limited,25067,B,11/18/2025,18300,2/1/2026,Dealer_F,D006,"Olympia, WA",WA,98501,ET,13,2,29050,BATCH_002
VIN_XXXXXXXXXX646,2024,HYUNDAI,IONIQ 5,SEL,9056,A,11/12/2025,23450,11/25/2025,Dealer_P,D016,"Richmond, VA",VA,23218,FT,13,1,37250,BATCH_001
VIN_XXXXXXXXXX647,2022,HYUNDAI,IONIQ 5,SE,37177,B,11/25/2025,17100,2/1/2026,Dealer_O,D015,"Boston, MA",MA,2101,ET,13,4,28850,BATCH_002
VIN_XXXXXXXXXX648,2022,HYUNDAI,IONIQ 5,SE,35429,B,10/22/2025,15600,12/3/2025,Dealer_J,D010,"Philadelphia, PA",PA,19101,ET,13,4,26650,BATCH_002
VIN_XXXXXXXXXX649,2024,HYUNDAI,IONIQ 5,SEL,10906,A,10/28/2025,26750,11/20/2025,Dealer_LL,D038,"Miami, FL",FL,33101,FT,13,1,42450,BATCH_003
VIN_XXXXXXXXXX650,2024,HYUNDAI,IONIQ 5,SEL,8028,A,10/12/2025,27250,2/1/2026,Dealer_JJ,D036,"San Diego, CA",CA,92101,ET,13,1,43300,BATCH_001
