VIN,YEAR,MAKE,MODEL,SOURCE,SOURCE_CITY,SOURCE_STATE,RESIDUAL,STATUS,WEEK,ASSIGNED_DEALER,NOTES
VIN_XXXXXXXXXX001,2023,HYUNDAI,IONIQ 5 Limited,D049,Carson City,NV,22900,Grounded,2026-01-26,,Grounded at Dealer_WW
VIN_XXXXXXXXXX002,2024,HYUNDAI,IONIQ 5 SEL,D010,Philadelphia,PA,25150,Grounded,2025-11-17,,Grounded at Dealer_J
VIN_XXXXXXXXXX003,2024,HYUNDAI,IONIQ 5 SEL,D019,Detroit,MI,26800,Grounded,2025-11-24,,Grounded at Dealer_S
VIN_XXXXXXXXXX004,2023,HYUNDAI,IONIQ 5 Limited,D002,Sacramento,CA,20700,Grounded,2025-11-03,,Grounded at Dealer_B
VIN_XXXXXXXXXX005,2024,HYUNDAI,IONIQ 5 SEL,D027,Nashville,TN,25700,Grounded,2025-10-13,,Grounded at Dealer_AA
VIN_XXXXXXXXXX006,2022,HYUNDAI,IONIQ 5 SE,D019,Detroit,MI,17200,Grounded,2025-11-24,,Grounded at Dealer_S
VIN_XXXXXXXXXX007,2024,HYUNDAI,IONIQ 5 SEL,D017,Juneau,AK,24300,Grounded,2025-10-06,,Grounded at Dealer_Q
VIN_XXXXXXXXXX008,2022,HYUNDAI,IONIQ 5 SE,D034,Houston,TX,15850,Grounded,2025-10-20,,Grounded at Dealer_HH
VIN_XXXXXXXXXX009,2024,HYUNDAI,IONIQ 5 SEL,D037,Boise,ID,25500,Grounded,2025-10-06,,Grounded at Dealer_KK
VIN_XXXXXXXXXX010,2024,HYUNDAI,IONIQ 5 SEL,D019,Detroit,MI,25200,Grounded,2025-10-27,,Grounded at Dealer_S
VIN_XXXXXXXXXX011,2022,HYUNDAI,IONIQ 5 SE,D041,Oklahoma City,OK,20300,Grounded,2025-10-20,,Grounded at Dealer_OO
VIN_XXXXXXXXXX012,2024,HYUNDAI,IONIQ 5 SEL,D011,Des Moines,IA,23900,Grounded,2025-10-13,,Grounded at Dealer_K
VIN_XXXXXXXXXX013,2022,HYUNDAI,IONIQ 5 SE,D017,Juneau,AK,16400,Grounded,2025-11-17,,Grounded at Dealer_Q
VIN_XXXXXXXXXX014,2022,HYUNDAI,IONIQ 5 SE,D022,Minneapolis,MN,19450,Grounded,2025-12-08,,Grounded at Dealer_V
VIN_XXXXXXXXXX015,2022,HYUNDAI,IONIQ 5 SE,D037,Boise,ID,16300,Grounded,2025-11-24,,Grounded at Dealer_KK
VIN_XXXXXXXXXX016,2024,HYUNDAI,IONIQ 5 SEL,D018,Wilmington,DE,28300,Grounded,2025-10-13,,Grounded at Dealer_R
VIN_XXXXXXXXXX017,2022,HYUNDAI,IONIQ 5 SE,D011,Des Moines,IA,13100,Grounded,2026-01-12,,Grounded at Dealer_K
VIN_XXXXXXXXXX018,2022,HYUNDAI,IONIQ 5 SE,D003,Albuquerque,NM,16150,Grounded,2026-01-26,,Grounded at Dealer_C
VIN_XXXXXXXXXX019,2022,HYUNDAI,IONIQ 5 SE,D033,Los Angeles,CA,15250,Grounded,2025-12-29,,Grounded at Dealer_GG
VIN_XXXXXXXXXX020,2023,HYUNDAI,IONIQ 5 Limited,D033,Los Angeles,CA,19500,Grounded,2026-01-19,,Grounded at Dealer_GG
VIN_XXXXXXXXXX021,2023,HYUNDAI,IONIQ 5 SEL,D033,Los Angeles,CA,20150,Grounded,2025-12-15,,Grounded at Dealer_GG
VIN_XXXXXXXXXX022,2022,HYUNDAI,IONIQ 5 SE,D040,Little Rock,AR,16700,Grounded,2026-01-26,,Grounded at Dealer_NN
VIN_XXXXXXXXXX023,2023,HYUNDAI,IONIQ 5 Limited,D034,Houston,TX,23350,Grounded,2025-12-29,,Grounded at Dealer_HH
VIN_XXXXXXXXXX024,2022,HYUNDAI,IONIQ 5 SE,D038,Miami,FL,16050,Grounded,2026-02-02,,Grounded at Dealer_LL
VIN_XXXXXXXXXX025,2023,HYUNDAI,IONIQ 5 Limited,D002,Sacramento,CA,20600,Grounded,2025-12-08,,Grounded at Dealer_B
VIN_XXXXXXXXXX026,2022,HYUNDAI,IONIQ 5 SE,D006,Olympia,WA,18350,Grounded,2025-10-20,,Grounded at Dealer_F
VIN_XXXXXXXXXX027,2022,HYUNDAI,IONIQ 5 SE,D050,Salem,OR,13150,Grounded,2025-12-29,,Grounded at Dealer_XX
VIN_XXXXXXXXXX028,2023,HYUNDAI,IONIQ 5 Limited,D003,Albuquerque,NM,18100,Grounded,2025-12-08,,Grounded at Dealer_C
VIN_XXXXXXXXXX029,2023,HYUNDAI,IONIQ 5 Limited,D018,Wilmington,DE,21500,Grounded,2025-12-15,,Grounded at Dealer_R
VIN_XXXXXXXXXX030,2024,HYUNDAI,IONIQ 5 SEL,D036,San Diego,CA,21500,Grounded,2025-12-08,,Grounded at Dealer_JJ
VIN_XXXXXXXXXX031,2024,HYUNDAI,IONIQ 5 SEL,D005,Seattle,WA,27200,Grounded,2025-12-08,,Grounded at Dealer_E
VIN_XXXXXXXXXX032,2023,HYUNDAI,IONIQ 5 Limited,D042,Milwaukee,WI,17950,Grounded,2025-11-10,,Grounded at Dealer_PP
VIN_XXXXXXXXXX033,2024,HYUNDAI,IONIQ 5 SEL,D046,Providence,RI,27900,Grounded,2025-10-27,,Grounded at Dealer_TT
VIN_XXXXXXXXXX034,2022,HYUNDAI,IONIQ 5 SE,D023,Atlanta,GA,18100,Grounded,2026-01-19,,Grounded at Dealer_W
VIN_XXXXXXXXXX035,2023,HYUNDAI,IONIQ 5 Limited,D009,Charleston,SC,21600,Grounded,2025-11-03,,Grounded at Dealer_I
VIN_XXXXXXXXXX036,2023,HYUNDAI,IONIQ 5 Limited,D039,Buffalo,NY,19900,Grounded,2025-11-10,,Grounded at Dealer_MM
VIN_XXXXXXXXXX037,2024,HYUNDAI,IONIQ 5 SEL,D013,Dallas,TX,25700,Grounded,2025-11-17,,Grounded at Dealer_M
VIN_XXXXXXXXXX038,2022,HYUNDAI,IONIQ 5 SE,D031,Salt Lake City,UT,14600,Grounded,2025-10-13,,Grounded at Dealer_EE
VIN_XXXXXXXXXX039,2023,HYUNDAI,IONIQ 5 Limited,D010,Philadelphia,PA,23450,Grounded,2025-11-17,,Grounded at Dealer_J
VIN_XXXXXXXXXX040,2023,HYUNDAI,IONIQ 5 Limited,D017,Juneau,AK,17700,Grounded,2025-11-10,,Grounded at Dealer_Q
VIN_XXXXXXXXXX041,2023,HYUNDAI,IONIQ 5 Limited,D014,Las Vegas,NV,22600,Grounded,2025-12-01,,Grounded at Dealer_N
VIN_XXXXXXXXXX042,2023,HYUNDAI,IONIQ 5 Limited,D048,Lincoln,NE,21350,Grounded,2025-11-24,,Grounded at Dealer_VV
VIN_XXXXXXXXXX043,2022,HYUNDAI,IONIQ 5 SE,D026,Cheyenne,WY,16400,Grounded,2025-10-13,,Grounded at Dealer_Z
VIN_XXXXXXXXXX044,2022,HYUNDAI,IONIQ 5 SE,D024,Helena,MT,13650,Grounded,2025-12-08,,Grounded at Dealer_X
VIN_XXXXXXXXXX045,2023,HYUNDAI,IONIQ 5 Limited,D032,Birmingham,AL,24300,Grounded,2025-11-17,,Grounded at Dealer_FF
VIN_XXXXXXXXXX046,2022,HYUNDAI,IONIQ 5 SE,D002,Sacramento,CA,13450,Grounded,2025-10-13,,Grounded at Dealer_B
VIN_XXXXXXXXXX047,2022,HYUNDAI,IONIQ 5 SE,D022,Minneapolis,MN,15650,Grounded,2026-01-26,,Grounded at Dealer_V
VIN_XXXXXXXXXX048,2022,HYUNDAI,IONIQ 5 SE,D033,Los Angeles,CA,17450,Grounded,2025-11-24,,Grounded at Dealer_GG
VIN_XXXXXXXXXX049,2022,HYUNDAI,IONIQ 5 SE,D029,Jackson,MS,16150,Grounded,2025-10-20,,Grounded at Dealer_CC
VIN_XXXXXXXXXX050,2022,HYUNDAI,IONIQ 5 SE,D006,Olympia,WA,15200,Grounded,2026-02-02,,Grounded at Dealer_F
VIN_XXXXXXXXXX051,2022,HYUNDAI,IONIQ 5 SE,D001,Portland,OR,15700,Grounded,2025-10-13,,Grounded at Dealer_A
VIN_XXXXXXXXXX052,2024,HYUNDAI,IONIQ 5 SEL,D003,Albuquerque,NM,21500,Grounded,2025-10-13,,Grounded at Dealer_C
VIN_XXXXXXXXXX053,2023,HYUNDAI,IONIQ 5 Limited,D006,Olympia,WA,21400,Grounded,2025-11-10,,Grounded at Dealer_F
VIN_XXXXXXXXXX054,2022,HYUNDAI,IONIQ 5 SE,D023,Atlanta,GA,15400,Grounded,2025-10-13,,Grounded at Dealer_W
VIN_XXXXXXXXXX055,2022,HYUNDAI,IONIQ 5 SE,D029,Jackson,MS,13550,Grounded,2025-11-24,,Grounded at Dealer_CC
VIN_XXXXXXXXXX056,2023,HYUNDAI,IONIQ 5 Limited,D032,Birmingham,AL,18700,Grounded,2025-11-10,,Grounded at Dealer_FF
VIN_XXXXXXXXXX057,2023,HYUNDAI,IONIQ 5 Limited,D024,Helena,MT,21900,Grounded,2025-12-15,,Grounded at Dealer_X
VIN_XXXXXXXXXX058,2024,HYUNDAI,IONIQ 5 SEL,D010,Philadelphia,PA,23550,Grounded,2025-12-15,,Grounded at Dealer_J
VIN_XXXXXXXXXX059,2024,HYUNDAI,IONIQ 5 SEL,D013,Dallas,TX,23600,Grounded,2025-11-17,,Grounded at Dealer_M
VIN_XXXXXXXXXX060,2024,HYUNDAI,IONIQ 5 SEL,D046,Providence,RI,22950,Grounded,2026-01-05,,Grounded at Dealer_TT
VIN_XXXXXXXXXX061,2024,HYUNDAI,IONIQ 5 SEL,D036,San Diego,CA,21150,Grounded,2025-10-20,,Grounded at Dealer_JJ
VIN_XXXXXXXXXX062,2022,HYUNDAI,IONIQ 5 SE,D050,Salem,OR,16800,Grounded,2025-10-13,,Grounded at Dealer_XX
VIN_XXXXXXXXXX063,2024,HYUNDAI,IONIQ 5 SEL,D010,Philadelphia,PA,20950,Grounded,2026-01-19,,Grounded at Dealer_J
VIN_XXXXXXXXXX064,2023,HYUNDAI,IONIQ 5 Limited,D048,Lincoln,NE,18100,Grounded,2025-12-29,,Grounded at Dealer_VV
VIN_XXXXXXXXXX065,2023,HYUNDAI,IONIQ 5 Limited,D015,Boston,MA,19650,Grounded,2026-01-12,,Grounded at Dealer_O
VIN_XXXXXXXXXX066,2024,HYUNDAI,IONIQ 5 SEL,D009,Charleston,SC,21550,Grounded,2025-12-22,,Grounded at Dealer_I
VIN_XXXXXXXXXX067,2022,HYUNDAI,IONIQ 5 SE,D030,San Antonio,TX,14600,Grounded,2026-02-02,,Grounded at Dealer_DD
VIN_XXXXXXXXXX068,2024,HYUNDAI,IONIQ 5 SEL,D026,Cheyenne,WY,25650,Grounded,2026-02-02,,Grounded at Dealer_Z
VIN_XXXXXXXXXX069,2024,HYUNDAI,IONIQ 5 SEL,D048,Lincoln,NE,24100,Grounded,2025-12-22,,Grounded at Dealer_VV
VIN_XXXXXXXXXX070,2023,HYUNDAI,IONIQ 5 Limited,D023,Atlanta,GA,23200,Grounded,2026-01-12,,Grounded at Dealer_W
VIN_XXXXXXXXXX071,2024,HYUNDAI,IONIQ 5 SEL,D003,Albuquerque,NM,27200,Grounded,2025-11-10,,Grounded at Dealer_C
VIN_XXXXXXXXXX072,2024,HYUNDAI,IONIQ 5 SEL,D015,Boston,MA,26450,Grounded,2025-11-24,,Grounded at Dealer_O
VIN_XXXXXXXXXX073,2024,HYUNDAI,IONIQ 5 SEL,D035,Denver,CO,23800,Grounded,2025-10-06,,Grounded at Dealer_II
VIN_XXXXXXXXXX074,2022,HYUNDAI,IONIQ 5 SE,D035,Denver,CO,16350,Grounded,2025-12-22,,Grounded at Dealer_II
VIN_XXXXXXXXXX075,2024,HYUNDAI,IONIQ 5 SEL,D015,Boston,MA,23900,Grounded,2025-11-24,,Grounded at Dealer_O
VIN_XXXXXXXXXX076,2023,HYUNDAI,IONIQ 5 Limited,D038,Miami,FL,25300,Grounded,2025-12-15,,Grounded at Dealer_LL
VIN_XXXXXXXXXX077,2022,HYUNDAI,IONIQ 5 SE,D012,Baton Rouge,LA,16250,Grounded,2026-02-02,,Grounded at Dealer_L
VIN_XXXXXXXXXX078,2023,HYUNDAI,IONIQ 5 Limited,D045,Tampa,FL,20650,Grounded,2025-12-15,,Grounded at Dealer_SS
VIN_XXXXXXXXXX079,2022,HYUNDAI,IONIQ 5 SE,D015,Boston,MA,18950,Grounded,2025-10-20,,Grounded at Dealer_O
VIN_XXXXXXXXXX080,2022,HYUNDAI,IONIQ 5 SE,D007,Phoenix,AZ,15100,Grounded,2026-01-26,,Grounded at Dealer_G
VIN_XXXXXXXXXX081,2024,HYUNDAI,IONIQ 5 SEL,D017,Juneau,AK,24100,Grounded,2025-11-24,,Grounded at Dealer_Q
VIN_XXXXXXXXXX082,2022,HYUNDAI,IONIQ 5 Limited,D034,Houston,TX,18950,Grounded,2026-01-12,,Grounded at Dealer_HH
VIN_XXXXXXXXXX083,2022,HYUNDAI,IONIQ 5 SE,D026,Cheyenne,WY,17050,Grounded,2026-01-26,,Grounded at Dealer_Z
VIN_XXXXXXXXXX084,2024,HYUNDAI,IONIQ 5 SEL,D050,Salem,OR,25700,Grounded,2025-10-27,,Grounded at Dealer_XX
VIN_XXXXXXXXXX085,2022,HYUNDAI,IONIQ 5 SE,D026,Cheyenne,WY,16700,Grounded,2025-10-20,,Grounded at Dealer_Z
VIN_XXXXXXXXXX086,2022,HYUNDAI,IONIQ 5 SE,D002,Sacramento,CA,19050,Grounded,2026-02-02,,Grounded at Dealer_B
VIN_XXXXXXXXXX087,2022,HYUNDAI,IONIQ 5 SE,D024,Helena,MT,15350,Grounded,2025-12-15,,Grounded at Dealer_X
VIN_XXXXXXXXXX088,2024,HYUNDAI,IONIQ 5 SEL,D036,San Diego,CA,26050,Grounded,2025-11-10,,Grounded at Dealer_JJ
VIN_XXXXXXXXXX089,2024,HYUNDAI,IONIQ 5 SEL,D030,San Antonio,TX,20550,Grounded,2025-10-06,,Grounded at Dealer_DD
VIN_XXXXXXXXXX090,2023,HYUNDAI,IONIQ 5 Limited,D022,Minneapolis,MN,22550,Grounded,2025-11-17,,Grounded at Dealer_V
VIN_XXXXXXXXXX091,2023,HYUNDAI,IONIQ 5 Limited,D040,Little Rock,AR,24450,Grounded,2026-02-02,,Grounded at Dealer_NN
VIN_XXXXXXXXXX092,2023,HYUNDAI,IONIQ 5 Limited,D044,Hartford,CT,21350,Grounded,2026-01-19,,Grounded at Dealer_RR
VIN_XXXXXXXXXX093,2024,HYUNDAI,IONIQ 5 SEL,D008,Topeka,KS,28100,Grounded,2025-11-03,,Grounded at Dealer_H
VIN_XXXXXXXXXX094,2022,HYUNDAI,IONIQ 5 SE,D004,Charlotte,NC,18400,Grounded,2025-12-22,,Grounded at Dealer_D
VIN_XXXXXXXXXX095,2022,HYUNDAI,IONIQ 5 SE,D031,Salt Lake City,UT,16500,Grounded,2025-10-20,,Grounded at Dealer_EE
VIN_XXXXXXXXXX096,2024,HYUNDAI,IONIQ 5 SEL,D039,Buffalo,NY,21650,Grounded,2025-11-17,,Grounded at Dealer_MM
VIN_XXXXXXXXXX097,2022,HYUNDAI,IONIQ 5 SE,D035,Denver,CO,14250,Grounded,2025-12-22,,Grounded at Dealer_II
VIN_XXXXXXXXXX098,2022,HYUNDAI,IONIQ 5 SE,D050,Salem,OR,17500,Grounded,2025-12-01,,Grounded at Dealer_XX
VIN_XXXXXXXXXX099,2024,HYUNDAI,IONIQ 5 SEL,D026,Cheyenne,WY,21650,Grounded,2025-10-27,,Grounded at Dealer_Z
VIN_XXXXXXXXXX100,2023,HYUNDAI,IONIQ 5 Limited,D014,Las Vegas,NV,24050,Grounded,2025-12-22,,Grounded at Dealer_N
VIN_XXXXXXXXXX101,2024,HYUNDAI,IONIQ 5 SEL,D008,Topeka,KS,24650,Grounded,2025-10-20,,Grounded at Dealer_H
VIN_XXXXXXXXXX102,2023,HYUNDAI,IONIQ 5 Limited,D003,Albuquerque,NM,16050,Grounded,2025-11-24,,Grounded at Dealer_C
VIN_XXXXXXXXXX103,2022,HYUNDAI,IONIQ 5 SE,D020,Louisville,KY,15000,Grounded,2025-10-27,,Grounded at Dealer_T
VIN_XXXXXXXXXX104,2024,HYUNDAI,IONIQ 5 SEL,D029,Jackson,MS,21100,Grounded,2025-12-08,,Grounded at Dealer_CC
VIN_XXXXXXXXXX105,2022,HYUNDAI,IONIQ 5 SE,D013,Dallas,TX,15900,Grounded,2026-01-19,,Grounded at Dealer_M
VIN_XXXXXXXXXX106,2024,HYUNDAI,IONIQ 5 SEL,D027,Nashville,TN,24000,Grounded,2025-10-06,,Grounded at Dealer_AA
VIN_XXXXXXXXXX107,2024,HYUNDAI,IONIQ 5 SEL,D025,Indianapolis,IN,28350,Grounded,2025-11-03,,Grounded at Dealer_Y
VIN_XXXXXXXXXX108,2023,HYUNDAI,IONIQ 5 Limited,D045,Tampa,FL,18350,Grounded,2026-01-19,,Grounded at Dealer_SS
VIN_XXXXXXXXXX109,2023,HYUNDAI,IONIQ 5 Limited,D005,Seattle,WA,23200,Grounded,2026-02-02,,Grounded at Dealer_E
VIN_XXXXXXXXXX110,2022,HYUNDAI,IONIQ 5 SE,D042,Milwaukee,WI,16300,Grounded,2025-12-15,,Grounded at Dealer_PP
VIN_XXXXXXXXXX111,2024,HYUNDAI,IONIQ 5 SEL,D030,San Antonio,TX,25750,Grounded,2025-12-08,,Grounded at Dealer_DD
VIN_XXXXXXXXXX112,2024,HYUNDAI,IONIQ 5 SEL,D012,Baton Rouge,LA,26450,Grounded,2025-10-20,,Grounded at Dealer_L
VIN_XXXXXXXXXX113,2023,HYUNDAI,IONIQ 5 Limited,D017,Juneau,AK,22300,Grounded,2025-11-17,,Grounded at Dealer_Q
VIN_XXXXXXXXXX114,2024,HYUNDAI,IONIQ 5 SEL,D041,Oklahoma City,OK,20300,Grounded,2025-11-24,,Grounded at Dealer_OO
VIN_XXXXXXXXXX115,2023,HYUNDAI,IONIQ 5 Limited,D020,Louisville,KY,22350,Grounded,2026-01-26,,Grounded at Dealer_T
VIN_XXXXXXXXXX116,2024,HYUNDAI,IONIQ 5 SEL,D045,Tampa,FL,26550,Grounded,2025-12-22,,Grounded at Dealer_SS
VIN_XXXXXXXXXX117,2022,HYUNDAI,IONIQ 5 SE,D043,Bismarck,ND,20350,Grounded,2025-12-15,,Grounded at Dealer_QQ
VIN_XXXXXXXXXX118,2022,HYUNDAI,IONIQ 5 SE,D020,Louisville,KY,17100,Grounded,2026-01-26,,Grounded at Dealer_T
VIN_XXXXXXXXXX119,2022,HYUNDAI,IONIQ 5 SE,D041,Oklahoma City,OK,15400,Grounded,2026-02-02,,Grounded at Dealer_OO
VIN_XXXXXXXXXX120,2022,HYUNDAI,IONIQ 5 SE,D008,Topeka,KS,18450,Grounded,2026-01-12,,Grounded at Dealer_H
VIN_XXXXXXXXXX121,2022,HYUNDAI,IONIQ 5 SE,D034,Houston,TX,15800,Grounded,2025-12-15,,Grounded at Dealer_HH
VIN_XXXXXXXXXX122,2024,HYUNDAI,IONIQ 5 SEL,D032,Birmingham,AL,22100,Grounded,2025-10-20,,Grounded at Dealer_FF
VIN_XXXXXXXXXX123,2024,HYUNDAI,IONIQ 5 SEL,D041,Oklahoma City,OK,25150,Grounded,2025-11-24,,Grounded at Dealer_OO
VIN_XXXXXXXXXX124,2023,HYUNDAI,IONIQ 5 Limited,D048,Lincoln,NE,24900,Grounded,2026-01-12,,Grounded at Dealer_VV
VIN_XXXXXXXXXX125,2023,HYUNDAI,IONIQ 5 Limited,D025,Indianapolis,IN,24000,Grounded,2026-01-26,,Grounded at Dealer_Y
VIN_XXXXXXXXXX126,2022,HYUNDAI,IONIQ 5 SE,D030,San Antonio,TX,16250,Grounded,2025-11-17,,Grounded at Dealer_DD
VIN_XXXXXXXXXX127,2024,HYUNDAI,IONIQ 5 SEL,D048,Lincoln,NE,21400,Grounded,2025-10-20,,Grounded at Dealer_VV
VIN_XXXXXXXXXX128,2023,HYUNDAI,IONIQ 5 Limited,D025,Indianapolis,IN,21950,Grounded,2025-11-03,,Grounded at Dealer_Y
VIN_XXXXXXXXXX129,2023,HYUNDAI,IONIQ 5 Limited,D018,Wilmington,DE,21200,Grounded,2025-11-10,,Grounded at Dealer_R
VIN_XXXXXXXXXX130,2022,HYUNDAI,IONIQ 5 SE,D005,Seattle,WA,18250,Grounded,2025-10-27,,Grounded at Dealer_E
VIN_XXXXXXXXXX131,2022,HYUNDAI,IONIQ 5 SE,D046,Providence,RI,16100,Grounded,2025-12-22,,Grounded at Dealer_TT
VIN_XXXXXXXXXX132,2023,HYUNDAI,IONIQ 5 Limited,D025,Indianapolis,IN,22650,Grounded,2026-01-19,,Grounded at Dealer_Y
VIN_XXXXXXXXXX133,2023,HYUNDAI,IONIQ 5 Limited,D006,Olympia,WA,20350,Grounded,2025-11-03,,Grounded at Dealer_F
VIN_XXXXXXXXXX134,2022,HYUNDAI,IONIQ 5 SE,D012,Baton Rouge,LA,15850,Grounded,2025-10-06,,Grounded at Dealer_L
VIN_XXXXXXXXXX135,2024,HYUNDAI,IONIQ 5 SEL,D009,Charleston,SC,20650,Grounded,2025-11-03,,Grounded at Dealer_I
VIN_XXXXXXXXXX136,2024,HYUNDAI,IONIQ 5 SEL,D039,Buffalo,NY,23250,Grounded,2025-12-08,,Grounded at Dealer_MM
VIN_XXXXXXXXXX137,2023,HYUNDAI,IONIQ 5 Limited,D027,Nashville,TN,21050,Grounded,2025-12-22,,Grounded at Dealer_AA
VIN_XXXXXXXXXX138,2024,HYUNDAI,IONIQ 5 SEL,D048,Lincoln,NE,25950,Grounded,2025-11-24,,Grounded at Dealer_VV
VIN_XXXXXXXXXX139,2023,HYUNDAI,IONIQ 5 Limited,D003,Albuquerque,NM,20650,Grounded,2026-01-05,,Grounded at Dealer_C
VIN_XXXXXXXXXX140,2024,HYUNDAI,IONIQ 5 SEL,D042,Milwaukee,WI,24250,Grounded,2025-12-29,,Grounded at Dealer_PP
VIN_XXXXXXXXXX141,2023,HYUNDAI,IONIQ 5 Limited,D042,Milwaukee,WI,24450,Grounded,2025-10-06,,Grounded at Dealer_PP
VIN_XXXXXXXXXX142,2024,HYUNDAI,IONIQ 5 SEL,D020,Louisville,KY,23800,Grounded,2025-12-22,,Grounded at Dealer_T
VIN_XXXXXXXXXX143,2022,HYUNDAI,IONIQ 5 SE,D040,Little Rock,AR,20600,Grounded,2025-10-27,,Grounded at Dealer_NN
VIN_XXXXXXXXXX144,2023,HYUNDAI,IONIQ 5 Limited,D011,Des Moines,IA,20750,Grounded,2025-11-24,,Grounded at Dealer_K
VIN_XXXXXXXXXX145,2024,HYUNDAI,IONIQ 5 SEL,D044,Hartford,CT,26550,Grounded,2025-12-22,,Grounded at Dealer_RR
VIN_XXXXXXXXXX146,2023,HYUNDAI,IONIQ 5 Limited,D039,Buffalo,NY,19950,Grounded,2026-01-19,,Grounded at Dealer_MM
VIN_XXXXXXXXXX147,2023,HYUNDAI,IONIQ 5 Limited,D049,Carson City,NV,18700,Grounded,2026-01-19,,Grounded at Dealer_WW
VIN_XXXXXXXXXX148,2023,HYUNDAI,IONIQ 5 Limited,D014,Las Vegas,NV,21750,Grounded,2025-10-06,,Grounded at Dealer_N
VIN_XXXXXXXXXX149,2024,HYUNDAI,IONIQ 5 SEL,D049,Carson City,NV,23000,Grounded,2025-10-27,,Grounded at Dealer_WW
VIN_XXXXXXXXXX150,2023,HYUNDAI,IONIQ 5 Limited,D017,Juneau,AK,22150,Grounded,2026-01-12,,Grounded at Dealer_Q
VIN_XXXXXXXXXX151,2022,HYUNDAI,IONIQ 5 SE,D025,Indianapolis,IN,15850,Grounded,2026-02-02,,Grounded at Dealer_Y
VIN_XXXXXXXXXX152,2024,HYUNDAI,IONIQ 5 SEL,D017,Juneau,AK,21200,Grounded,2025-12-15,,Grounded at Dealer_Q
VIN_XXXXXXXXXX153,2024,HYUNDAI,IONIQ 5 SEL,D024,Helena,MT,27450,Grounded,2025-10-13,,Grounded at Dealer_X
VIN_XXXXXXXXXX154,2022,HYUNDAI,IONIQ 5 SE,D028,Kansas City,MO,15750,Grounded,2026-01-26,,Grounded at Dealer_BB
VIN_XXXXXXXXXX155,2022,HYUNDAI,IONIQ 5 SE,D023,Atlanta,GA,16950,Grounded,2025-12-08,,Grounded at Dealer_W
VIN_XXXXXXXXXX156,2024,HYUNDAI,IONIQ 5 SEL,D045,Tampa,FL,26350,Grounded,2025-11-17,,Grounded at Dealer_SS
VIN_XXXXXXXXXX157,2022,HYUNDAI,IONIQ 5 SE,D033,Los Angeles,CA,15600,Grounded,2025-10-27,,Grounded at Dealer_GG
VIN_XXXXXXXXXX158,2023,HYUNDAI,IONIQ 5 Limited,D034,Houston,TX,25300,Grounded,2026-01-26,,Grounded at Dealer_HH
VIN_XXXXXXXXXX159,2022,HYUNDAI,IONIQ 5 SE,D021,Pierre,SD,18700,Grounded,2025-10-27,,Grounded at Dealer_U
VIN_XXXXXXXXXX160,2022,HYUNDAI,IONIQ 5 SE,D035,Denver,CO,18700,Grounded,2025-10-06,,Grounded at Dealer_II
VIN_XXXXXXXXXX161,2023,HYUNDAI,IONIQ 5 Limited,D026,Cheyenne,WY,22650,Grounded,2026-01-26,,Grounded at Dealer_Z
VIN_XXXXXXXXXX162,2024,HYUNDAI,IONIQ 5 SEL,D020,Louisville,KY,24850,Grounded,2025-12-08,,Grounded at Dealer_T
VIN_XXXXXXXXXX163,2022,HYUNDAI,IONIQ 5 SE,D035,Denver,CO,17050,Grounded,2026-01-05,,Grounded at Dealer_II
VIN_XXXXXXXXXX164,2024,HYUNDAI,IONIQ 5 SEL,D019,Detroit,MI,26650,Grounded,2025-11-17,,Grounded at Dealer_S
VIN_XXXXXXXXXX165,2023,HYUNDAI,IONIQ 5 Limited,D010,Philadelphia,PA,21500,Grounded,2025-11-24,,Grounded at Dealer_J
VIN_XXXXXXXXXX166,2023,HYUNDAI,IONIQ 5 Limited,D036,San Diego,CA,26500,Grounded,2026-01-12,,Grounded at Dealer_JJ
VIN_XXXXXXXXXX167,2024,HYUNDAI,IONIQ 5 SEL,D043,Bismarck,ND,23200,Grounded,2025-11-17,,Grounded at Dealer_QQ
VIN_XXXXXXXXXX168,2022,HYUNDAI,IONIQ 5 SE,D009,Charleston,SC,14800,Grounded,2025-10-27,,Grounded at Dealer_I
VIN_XXXXXXXXXX169,2023,HYUNDAI,IONIQ 5 Limited,D030,San Antonio,TX,17500,Grounded,2025-11-03,,Grounded at Dealer_DD
VIN_XXXXXXXXXX170,2023,HYUNDAI,IONIQ 5 Limited,D018,Wilmington,DE,20350,Grounded,2026-01-12,,Grounded at Dealer_R
VIN_XXXXXXXXXX171,2023,HYUNDAI,IONIQ 5 Limited,D035,Denver,CO,20550,Grounded,2026-01-26,,Grounded at Dealer_II
VIN_XXXXXXXXXX172,2022,HYUNDAI,IONIQ 5 SE,D036,San Diego,CA,14950,Grounded,2025-12-22,,Grounded at Dealer_JJ
VIN_XXXXXXXXXX173,2022,HYUNDAI,IONIQ 5 SE,D034,Houston,TX,15500,Grounded,2026-01-26,,Grounded at Dealer_HH
VIN_XXXXXXXXXX174,2024,HYUNDAI,IONIQ 5 SEL,D044,Hartford,CT,23500,Grounded,2025-11-24,,Grounded at Dealer_RR
VIN_XXXXXXXXXX175,2023,HYUNDAI,IONIQ 5 Limited,D014,Las Vegas,NV,22100,Grounded,2025-11-17,,Grounded at Dealer_N
VIN_XXXXXXXXXX176,2024,HYUNDAI,IONIQ 5 SEL,D023,Atlanta,GA,26250,Grounded,2025-11-24,,Grounded at Dealer_W
VIN_XXXXXXXXXX177,2024,HYUNDAI,IONIQ 5 SEL,D004,Charlotte,NC,26350,Grounded,2025-12-08,,Grounded at Dealer_D
VIN_XXXXXXXXXX178,2022,HYUNDAI,IONIQ 5 SE,D021,Pierre,SD,18500,Grounded,2025-12-29,,Grounded at Dealer_U
VIN_XXXXXXXXXX179,2022,HYUNDAI,IONIQ 5 SE,D026,Cheyenne,WY,14250,Grounded,2025-12-08,,Grounded at Dealer_Z
VIN_XXXXXXXXXX180,2024,HYUNDAI,IONIQ 5 SEL,D016,Richmond,VA,27500,Grounded,2025-12-15,,Grounded at Dealer_P
VIN_XXXXXXXXXX181,2024,HYUNDAI,IONIQ 5 SEL,D047,Columbus,OH,23000,Grounded,2025-10-27,,Grounded at Dealer_UU
VIN_XXXXXXXXXX182,2022,HYUNDAI,IONIQ 5 SE,D012,Baton Rouge,LA,16100,Grounded,2025-11-24,,Grounded at Dealer_L
VIN_XXXXXXXXXX183,2024,HYUNDAI,IONIQ 5 SEL,D014,Las Vegas,NV,25750,Grounded,2025-11-17,,Grounded at Dealer_N
VIN_XXXXXXXXXX184,2024,HYUNDAI,IONIQ 5 SEL,D024,Helena,MT,23900,Grounded,2025-11-17,,Grounded at Dealer_X
VIN_XXXXXXXXXX185,2022,HYUNDAI,IONIQ 5 SE,D050,Salem,OR,18100,Grounded,2026-01-26,,Grounded at Dealer_XX
VIN_XXXXXXXXXX186,2023,HYUNDAI,IONIQ 5 Limited,D007,Phoenix,AZ,22650,Grounded,2026-01-19,,Grounded at Dealer_G
VIN_XXXXXXXXXX187,2024,HYUNDAI,IONIQ 5 SEL,D011,Des Moines,IA,24050,Grounded,2026-01-19,,Grounded at Dealer_K
VIN_XXXXXXXXXX188,2024,HYUNDAI,IONIQ 5 SEL,D028,Kansas City,MO,24150,Grounded,2025-12-01,,Grounded at Dealer_BB
VIN_XXXXXXXXXX189,2022,HYUNDAI,IONIQ 5 SE,D019,Detroit,MI,20600,Grounded,2025-11-03,,Grounded at Dealer_S
VIN_XXXXXXXXXX190,2024,HYUNDAI,IONIQ 5 SEL,D039,Buffalo,NY,25850,Grounded,2025-10-06,,Grounded at Dealer_MM
VIN_XXXXXXXXXX191,2022,HYUNDAI,IONIQ 5 SE,D032,Birmingham,AL,16050,Grounded,2025-10-27,,Grounded at Dealer_FF
VIN_XXXXXXXXXX192,2024,HYUNDAI,IONIQ 5 SEL,D031,Salt Lake City,UT,26550,Grounded,2025-12-08,,Grounded at Dealer_EE
VIN_XXXXXXXXXX193,2023,HYUNDAI,IONIQ 5 Limited,D005,Seattle,WA,25250,Grounded,2025-10-20,,Grounded at Dealer_E
VIN_XXXXXXXXXX194,2022,HYUNDAI,IONIQ 5 SE,D015,Boston,MA,15700,Grounded,2025-12-08,,Grounded at Dealer_O
VIN_XXXXXXXXXX195,2023,HYUNDAI,IONIQ 5 Limited,D046,Providence,RI,20650,Grounded,2025-12-08,,Grounded at Dealer_TT
VIN_XXXXXXXXXX196,2024,HYUNDAI,IONIQ 5 SEL,D001,Portland,OR,27250,Grounded,2025-12-15,,Grounded at Dealer_A
VIN_XXXXXXXXXX197,2022,HYUNDAI,IONIQ 5 SE,D048,Lincoln,NE,17050,Grounded,2026-01-26,,Grounded at Dealer_VV
VIN_XXXXXXXXXX198,2024,HYUNDAI,IONIQ 5 SEL,D043,Bismarck,ND,26800,Grounded,2025-12-08,,Grounded at Dealer_QQ
VIN_XXXXXXXXXX199,2022,HYUNDAI,IONIQ 5 SE,D003,Albuquerque,NM,15100,Grounded,2026-01-26,,Grounded at Dealer_C
VIN_XXXXXXXXXX200,2022,HYUNDAI,IONIQ 5 SE,D044,Hartford,CT,13400,Grounded,2026-01-26,,Grounded at Dealer_RR
VIN_XXXXXXXXXX201,2022,HYUNDAI,IONIQ 5 SE,D037,Boise,ID,13400,Grounded,2025-10-20,,Grounded at Dealer_KK
VIN_XXXXXXXXXX202,2023,HYUNDAI,IONIQ 5 Limited,D004,Charlotte,NC,16650,Grounded,2025-11-03,,Grounded at Dealer_D
VIN_XXXXXXXXXX203,2023,HYUNDAI,IONIQ 5 Limited,D036,San Diego,CA,20700,Grounded,2025-12-15,,Grounded at Dealer_JJ
VIN_XXXXXXXXXX204,2023,HYUNDAI,IONIQ 5 Limited,D010,Philadelphia,PA,20650,Grounded,2026-01-26,,Grounded at Dealer_J
VIN_XXXXXXXXXX205,2024,HYUNDAI,IONIQ 5 SEL,D015,Boston,MA,20300,Grounded,2025-11-10,,Grounded at Dealer_O
VIN_XXXXXXXXXX206,2022,HYUNDAI,IONIQ 5 SE,D044,Hartford,CT,13550,Grounded,2025-10-27,,Grounded at Dealer_RR
VIN_XXXXXXXXXX207,2022,HYUNDAI,IONIQ 5 SE,D025,Indianapolis,IN,16150,Grounded,2025-11-10,,Grounded at Dealer_Y
VIN_XXXXXXXXXX208,2023,HYUNDAI,IONIQ 5 Limited,D032,Birmingham,AL,25200,Grounded,2026-01-12,,Grounded at Dealer_FF
VIN_XXXXXXXXXX209,2024,HYUNDAI,IONIQ 5 SEL,D007,Phoenix,AZ,25550,Grounded,2026-01-26,,Grounded at Dealer_G
VIN_XXXXXXXXXX210,2024,HYUNDAI,IONIQ 5 SEL,D025,Indianapolis,IN,22200,Grounded,2025-10-27,,Grounded at Dealer_Y
VIN_XXXXXXXXXX211,2024,HYUNDAI,IONIQ 5 SEL,D033,Los Angeles,CA,24850,Grounded,2025-10-20,,Grounded at Dealer_GG
VIN_XXXXXXXXXX212,2024,HYUNDAI,IONIQ 5 SEL,D022,Minneapolis,MN,27800,Grounded,2025-10-20,,Grounded at Dealer_V
VIN_XXXXXXXXXX213,2023,HYUNDAI,IONIQ 5 Limited,D008,Topeka,KS,23600,Grounded,2025-12-22,,Grounded at Dealer_H
VIN_XXXXXXXXXX214,2024,HYUNDAI,IONIQ 5 SEL,D034,Houston,TX,21150,Grounded,2026-02-02,,Grounded at Dealer_HH
VIN_XXXXXXXXXX215,2023,HYUNDAI,IONIQ 5 Limited,D015,Boston,MA,25250,Grounded,2025-11-24,,Grounded at Dealer_O
VIN_XXXXXXXXXX216,2024,HYUNDAI,IONIQ 5 SEL,D016,Richmond,VA,24150,Grounded,2025-10-13,,Grounded at Dealer_P
VIN_XXXXXXXXXX217,2023,HYUNDAI,IONIQ 5 Limited,D049,Carson City,NV,18400,Grounded,2025-11-24,,Grounded at Dealer_WW
VIN_XXXXXXXXXX218,2023,HYUNDAI,IONIQ 5 Limited,D004,Charlotte,NC,18100,Grounded,2026-01-19,,Grounded at Dealer_D
VIN_XXXXXXXXXX219,2024,HYUNDAI,IONIQ 5 SEL,D048,Lincoln,NE,21700,Grounded,2025-11-24,,Grounded at Dealer_VV
VIN_XXXXXXXXXX220,2022,HYUNDAI,IONIQ 5 SE,D014,Las Vegas,NV,16750,Grounded,2026-02-02,,Grounded at Dealer_N
VIN_XXXXXXXXXX221,2022,HYUNDAI,IONIQ 5 SE,D029,Jackson,MS,14950,Grounded,2025-12-15,,Grounded at Dealer_CC
VIN_XXXXXXXXXX222,2024,HYUNDAI,IONIQ 5 SEL,D035,Denver,CO,23350,Grounded,2025-11-17,,Grounded at Dealer_II
VIN_XXXXXXXXXX223,2023,HYUNDAI,IONIQ 5 Limited,D001,Portland,OR,17800,Grounded,2025-11-10,,Grounded at Dealer_A
VIN_XXXXXXXXXX224,2023,HYUNDAI,IONIQ 5 Limited,D024,Helena,MT,20450,Grounded,2025-12-08,,Grounded at Dealer_X
VIN_XXXXXXXXXX225,2024,HYUNDAI,IONIQ 5 SEL,D024,Helena,MT,28100,Grounded,2025-12-15,,Grounded at Dealer_X
VIN_XXXXXXXXXX226,2023,HYUNDAI,IONIQ 5 Limited,D044,Hartford,CT,20600,Grounded,2025-11-24,,Grounded at Dealer_RR
VIN_XXXXXXXXXX227,2022,HYUNDAI,IONIQ 5 SE,D047,Columbus,OH,17200,Grounded,2025-10-27,,Grounded at Dealer_UU
VIN_XXXXXXXXXX228,2022,HYUNDAI,IONIQ 5 SE,D038,Miami,FL,14800,Grounded,2025-11-10,,Grounded at Dealer_LL
VIN_XXXXXXXXXX229,2022,HYUNDAI,IONIQ 5 SE,D048,Lincoln,NE,15950,Grounded,2025-10-13,,Grounded at Dealer_VV
VIN_XXXXXXXXXX230,2023,HYUNDAI,IONIQ 5 Limited,D022,Minneapolis,MN,20900,Grounded,2025-11-10,,Grounded at Dealer_V
VIN_XXXXXXXXXX231,2022,HYUNDAI,IONIQ 5 SE,D013,Dallas,TX,18300,Grounded,2025-12-22,,Grounded at Dealer_M
VIN_XXXXXXXXXX232,2023,HYUNDAI,IONIQ 5 Limited,D005,Seattle,WA,24100,Grounded,2026-01-26,,Grounded at Dealer_E
VIN_XXXXXXXXXX233,2024,HYUNDAI,IONIQ 5 SEL,D020,Louisville,KY,20650,Grounded,2025-10-20,,Grounded at Dealer_T
VIN_XXXXXXXXXX234,2022,HYUNDAI,IONIQ 5 SE,D046,Providence,RI,17050,Grounded,2026-01-05,,Grounded at Dealer_TT
VIN_XXXXXXXXXX235,2023,HYUNDAI,IONIQ 5 Limited,D007,Phoenix,AZ,21950,Grounded,2025-12-22,,Grounded at Dealer_G
VIN_XXXXXXXXXX236,2023,HYUNDAI,IONIQ 5 Limited,D001,Portland,OR,20900,Grounded,2025-12-08,,Grounded at Dealer_A
VIN_XXXXXXXXXX237,2022,HYUNDAI,IONIQ 5 SE,D018,Wilmington,DE,20000,Grounded,2026-02-02,,Grounded at Dealer_R
VIN_XXXXXXXXXX238,2024,HYUNDAI,IONIQ 5 SEL,D007,Phoenix,AZ,24650,Grounded,2025-12-22,,Grounded at Dealer_G
VIN_XXXXXXXXXX239,2023,HYUNDAI,IONIQ 5 Limited,D027,Nashville,TN,22050,Grounded,2026-01-12,,Grounded at Dealer_AA
VIN_XXXXXXXXXX240,2024,HYUNDAI,IONIQ 5 SEL,D005,Seattle,WA,23550,Grounded,2025-12-15,,Grounded at Dealer_E
VIN_XXXXXXXXXX241,2022,HYUNDAI,IONIQ 5 SE,D037,Boise,ID,17550,Grounded,2025-10-13,,Grounded at Dealer_KK
VIN_XXXXXXXXXX242,2023,HYUNDAI,IONIQ 5 Limited,D025,Indianapolis,IN,18700,Grounded,2025-11-24,,Grounded at Dealer_Y
VIN_XXXXXXXXXX243,2024,HYUNDAI,IONIQ 5 SEL,D002,Sacramento,CA,23100,Grounded,2025-12-08,,Grounded at Dealer_B
VIN_XXXXXXXXXX244,2023,HYUNDAI,IONIQ 5 Limited,D007,Phoenix,AZ,19350,Grounded,2025-10-27,,Grounded at Dealer_G
VIN_XXXXXXXXXX245,2022,HYUNDAI,IONIQ 5 SE,D047,Columbus,OH,17800,Grounded,2025-12-08,,Grounded at Dealer_UU
VIN_XXXXXXXXXX246,2023,HYUNDAI,IONIQ 5 Limited,D034,Houston,TX,18750,Grounded,2025-11-10,,Grounded at Dealer_HH
VIN_XXXXXXXXXX247,2024,HYUNDAI,IONIQ 5 SEL,D011,Des Moines,IA,26550,Grounded,2025-11-24,,Grounded at Dealer_K
VIN_XXXXXXXXXX248,2022,HYUNDAI,IONIQ 5 SE,D008,Topeka,KS,16450,Grounded,2025-12-08,,Grounded at Dealer_H
VIN_XXXXXXXXXX249,2024,HYUNDAI,IONIQ 5 SEL,D049,Carson City,NV,25350,Grounded,2025-12-22,,Grounded at Dealer_WW
VIN_XXXXXXXXXX250,2024,HYUNDAI,IONIQ 5 SEL,D016,Richmond,VA,20400,Grounded,2026-01-05,,Grounded at Dealer_P
VIN_XXXXXXXXXX251,2024,HYUNDAI,IONIQ 5 SEL,D033,Los Angeles,CA,21800,Grounded,2025-11-24,,Grounded at Dealer_GG
VIN_XXXXXXXXXX252,2024,HYUNDAI,IONIQ 5 SE,D038,Miami,FL,21400,Grounded,2025-10-06,,Grounded at Dealer_LL
VIN_XXXXXXXXXX253,2024,HYUNDAI,IONIQ 5 SEL,D012,Baton Rouge,LA,27200,Grounded,2025-11-10,,Grounded at Dealer_L
VIN_XXXXXXXXXX254,2023,HYUNDAI,IONIQ 5 Limited,D042,Milwaukee,WI,23300,Grounded,2025-12-29,,Grounded at Dealer_PP
VIN_XXXXXXXXXX255,2023,HYUNDAI,IONIQ 5 Limited,D036,San Diego,CA,19650,Grounded,2025-12-22,,Grounded at Dealer_JJ
VIN_XXXXXXXXXX256,2024,HYUNDAI,IONIQ 5 SEL,D026,Cheyenne,WY,23350,Grounded,2025-10-13,,Grounded at Dealer_Z
VIN_XXXXXXXXXX257,2022,HYUNDAI,IONIQ 5 SE,D013,Dallas,TX,13550,Grounded,2025-11-17,,Grounded at Dealer_M
VIN_XXXXXXXXXX258,2022,HYUNDAI,IONIQ 5 SE,D027,Nashville,TN,16750,Grounded,2026-01-26,,Grounded at Dealer_AA
VIN_XXXXXXXXXX259,2023,HYUNDAI,IONIQ 5 Limited,D042,Milwaukee,WI,22550,Grounded,2025-12-08,,Grounded at Dealer_PP
VIN_XXXXXXXXXX260,2024,HYUNDAI,IONIQ 5 SEL,D001,Portland,OR,22550,Grounded,2025-10-13,,Grounded at Dealer_A
VIN_XXXXXXXXXX261,2024,HYUNDAI,IONIQ 5 SEL,D034,Houston,TX,20450,Grounded,2025-12-15,,Grounded at Dealer_HH
VIN_XXXXXXXXXX262,2022,HYUNDAI,IONIQ 5 SE,D017,Juneau,AK,16000,Grounded,2026-01-26,,Grounded at Dealer_Q
VIN_XXXXXXXXXX263,2022,HYUNDAI,IONIQ 5 SE,D037,Boise,ID,18550,Grounded,2025-11-10,,Grounded at Dealer_KK
VIN_XXXXXXXXXX264,2024,HYUNDAI,IONIQ 5 SEL,D017,Juneau,AK,26600,Grounded,2025-10-20,,Grounded at Dealer_Q
VIN_XXXXXXXXXX265,2022,HYUNDAI,IONIQ 5 SE,D031,Salt Lake City,UT,14050,Grounded,2025-11-24,,Grounded at Dealer_EE
VIN_XXXXXXXXXX266,2023,HYUNDAI,IONIQ 5 Limited,D035,Denver,CO,25600,Grounded,2025-11-24,,Grounded at Dealer_II
VIN_XXXXXXXXXX267,2024,HYUNDAI,IONIQ 5 SEL,D045,Tampa,FL,22550,Grounded,2025-12-08,,Grounded at Dealer_SS
VIN_XXXXXXXXXX268,2023,HYUNDAI,IONIQ 5 Limited,D048,Lincoln,NE,20800,Grounded,2025-10-27,,Grounded at Dealer_VV
VIN_XXXXXXXXXX269,2022,HYUNDAI,IONIQ 5 SE,D016,Richmond,VA,16450,Grounded,2026-02-02,,Grounded at Dealer_P
VIN_XXXXXXXXXX270,2023,HYUNDAI,IONIQ 5 Limited,D039,Buffalo,NY,21550,Grounded,2025-11-24,,Grounded at Dealer_MM
VIN_XXXXXXXXXX271,2023,HYUNDAI,IONIQ 5 Limited,D046,Providence,RI,23050,Grounded,2026-01-12,,Grounded at Dealer_TT
VIN_XXXXXXXXXX272,2023,HYUNDAI,IONIQ 5 Limited,D039,Buffalo,NY,24400,Grounded,2025-12-15,,Grounded at Dealer_MM
VIN_XXXXXXXXXX273,2024,HYUNDAI,IONIQ 5 SEL,D033,Los Angeles,CA,24500,Grounded,2025-11-10,,Grounded at Dealer_GG
VIN_XXXXXXXXXX274,2024,HYUNDAI,IONIQ 5 SEL,D018,Wilmington,DE,24350,Grounded,2025-11-17,,Grounded at Dealer_R
VIN_XXXXXXXXXX275,2023,HYUNDAI,IONIQ 5 Limited,D043,Bismarck,ND,21300,Grounded,2025-11-10,,Grounded at Dealer_QQ
VIN_XXXXXXXXXX276,2024,HYUNDAI,IONIQ 5 SEL,D028,Kansas City,MO,23950,Grounded,2025-11-03,,Grounded at Dealer_BB
VIN_XXXXXXXXXX277,2024,HYUNDAI,IONIQ 5 SEL,D040,Little Rock,AR,23050,Grounded,2025-11-24,,Grounded at Dealer_NN
VIN_XXXXXXXXXX278,2023,HYUNDAI,IONIQ 5 Limited,D028,Kansas City,MO,19400,Grounded,2026-01-12,,Grounded at Dealer_BB
VIN_XXXXXXXXXX279,2023,HYUNDAI,IONIQ 5 Limited,D011,Des Moines,IA,18500,Grounded,2025-12-01,,Grounded at Dealer_K
VIN_XXXXXXXXXX280,2023,HYUNDAI,IONIQ 5 Limited,D050,Salem,OR,25550,Grounded,2025-11-24,,Grounded at Dealer_XX
VIN_XXXXXXXXXX281,2023,HYUNDAI,IONIQ 5 Limited,D016,Richmond,VA,23600,Grounded,2026-01-19,,Grounded at Dealer_P
VIN_XXXXXXXXXX282,2023,HYUNDAI,IONIQ 5 Limited,D005,Seattle,WA,18650,Grounded,2026-02-02,,Grounded at Dealer_E
VIN_XXXXXXXXXX283,2024,HYUNDAI,IONIQ 5 SEL,D012,Baton Rouge,LA,20350,Grounded,2025-12-15,,Grounded at Dealer_L
VIN_XXXXXXXXXX284,2023,HYUNDAI,IONIQ 5 Limited,D004,Charlotte,NC,22800,Grounded,2025-11-17,,Grounded at Dealer_D
VIN_XXXXXXXXXX285,2022,HYUNDAI,IONIQ 5 SE,D019,Detroit,MI,14050,Grounded,2025-10-13,,Grounded at Dealer_S
VIN_XXXXXXXXXX286,2023,HYUNDAI,IONIQ 5 Limited,D013,Dallas,TX,21100,Grounded,2026-01-12,,Grounded at Dealer_M
VIN_XXXXXXXXXX287,2024,HYUNDAI,IONIQ 5 SEL,D006,Olympia,WA,26050,Grounded,2025-11-24,,Grounded at Dealer_F
VIN_XXXXXXXXXX288,2022,HYUNDAI,IONIQ 5 SE,D039,Buffalo,NY,12750,Grounded,2026-02-02,,Grounded at Dealer_MM
VIN_XXXXXXXXXX289,2024,HYUNDAI,IONIQ 5 SEL,D028,Kansas City,MO,22200,Grounded,2025-11-17,,Grounded at Dealer_BB
VIN_XXXXXXXXXX290,2022,HYUNDAI,IONIQ 5 SE,D005,Seattle,WA,19800,Grounded,2025-11-24,,Grounded at Dealer_E
VIN_XXXXXXXXXX291,2024,HYUNDAI,IONIQ 5 SEL,D019,Detroit,MI,22300,Grounded,2025-12-15,,Grounded at Dealer_S
VIN_XXXXXXXXXX292,2023,HYUNDAI,IONIQ 5 Limited,D029,Jackson,MS,18950,Grounded,2025-12-22,,Grounded at Dealer_CC
VIN_XXXXXXXXXX293,2024,HYUNDAI,IONIQ 5 SEL,D004,Charlotte,NC,25550,Grounded,2026-01-12,,Grounded at Dealer_D
VIN_XXXXXXXXXX294,2022,HYUNDAI,IONIQ 5 SE,D028,Kansas City,MO,14650,Grounded,2025-12-08,,Grounded at Dealer_BB
VIN_XXXXXXXXXX295,2023,HYUNDAI,IONIQ 5 Limited,D033,Los Angeles,CA,22300,Grounded,2025-12-15,,Grounded at Dealer_GG
VIN_XXXXXXXXXX296,2024,HYUNDAI,IONIQ 5 SEL,D041,Oklahoma City,OK,21650,Grounded,2025-12-15,,Grounded at Dealer_OO
VIN_XXXXXXXXXX297,2023,HYUNDAI,IONIQ 5 Limited,D047,Columbus,OH,20850,Grounded,2026-01-26,,Grounded at Dealer_UU
VIN_XXXXXXXXXX298,2024,HYUNDAI,IONIQ 5 SEL,D037,Boise,ID,25950,Grounded,2025-12-15,,Grounded at Dealer_KK
VIN_XXXXXXXXXX299,2023,HYUNDAI,IONIQ 5 Limited,D040,Little Rock,AR,22800,Grounded,2026-02-02,,Grounded at Dealer_NN
VIN_XXXXXXXXXX300,2024,HYUNDAI,IONIQ 5 SEL,D047,Columbus,OH,22900,Grounded,2025-12-22,,Grounded at Dealer_UU
VIN_XXXXXXXXXX301,2024,HYUNDAI,IONIQ 5 SEL,D021,Pierre,SD,20900,Grounded,2025-12-15,,Grounded at Dealer_U
VIN_XXXXXXXXXX302,2023,HYUNDAI,IONIQ 5 Limited,D033,Los Angeles,CA,18550,Grounded,2025-11-10,,Grounded at Dealer_GG
VIN_XXXXXXXXXX303,2023,HYUNDAI,IONIQ 5 Limited,D019,Detroit,MI,24900,Grounded,2025-12-01,,Grounded at Dealer_S
VIN_XXXXXXXXXX304,2022,HYUNDAI,IONIQ 5 SE,D045,Tampa,FL,17650,Grounded,2025-12-22,,Grounded at Dealer_SS
VIN_XXXXXXXXXX305,2022,HYUNDAI,IONIQ 5 SE,D023,Atlanta,GA,15850,Grounded,2026-01-05,,Grounded at Dealer_W
VIN_XXXXXXXXXX306,2022,HYUNDAI,IONIQ 5 SE,D049,Carson City,NV,14600,Grounded,2025-12-29,,Grounded at Dealer_WW
VIN_XXXXXXXXXX307,2024,HYUNDAI,IONIQ 5 SEL,D046,Providence,RI,26350,Grounded,2025-12-01,,Grounded at Dealer_TT
VIN_XXXXXXXXXX308,2024,HYUNDAI,IONIQ 5 SEL,D014,Las Vegas,NV,24950,Grounded,2025-12-22,,Grounded at Dealer_N
VIN_XXXXXXXXXX309,2023,HYUNDAI,IONIQ 5 Limited,D044,Hartford,CT,21500,Grounded,2025-12-15,,Grounded at Dealer_RR
VIN_XXXXXXXXXX310,2024,HYUNDAI,IONIQ 5 SEL,D020,Louisville,KY,24300,Grounded,2026-01-26,,Grounded at Dealer_T
VIN_XXXXXXXXXX311,2023,HYUNDAI,IONIQ 5 Limited,D008,Topeka,KS,22400,Grounded,2026-01-19,,Grounded at Dealer_H
VIN_XXXXXXXXXX312,2024,HYUNDAI,IONIQ 5 SEL,D028,Kansas City,MO,22600,Grounded,2025-10-13,,Grounded at Dealer_BB
VIN_XXXXXXXXXX313,2023,HYUNDAI,IONIQ 5 Limited,D010,Philadelphia,PA,17950,Grounded,2025-10-13,,Grounded at Dealer_J
VIN_XXXXXXXXXX314,2022,HYUNDAI,IONIQ 5 SE,D029,Jackson,MS,14450,Grounded,2025-11-17,,Grounded at Dealer_CC
VIN_XXXXXXXXXX315,2022,HYUNDAI,IONIQ 5 SE,D027,Nashville,TN,15800,Grounded,2026-01-26,,Grounded at Dealer_AA
VIN_XXXXXXXXXX316,2022,HYUNDAI,IONIQ 5 SE,D007,Phoenix,AZ,18400,Grounded,2025-11-24,,Grounded at Dealer_G
VIN_XXXXXXXXXX317,2022,HYUNDAI,IONIQ 5 SE,D013,Dallas,TX,15700,Grounded,2025-10-13,,Grounded at Dealer_M
VIN_XXXXXXXXXX318,2023,HYUNDAI,IONIQ 5 Limited,D047,Columbus,OH,20200,Grounded,2025-11-24,,Grounded at Dealer_UU
VIN_XXXXXXXXXX319,2024,HYUNDAI,IONIQ 5 SEL,D028,Kansas City,MO,27650,Grounded,2025-12-15,,Grounded at Dealer_BB
VIN_XXXXXXXXXX320,2023,HYUNDAI,IONIQ 5 Limited,D026,Cheyenne,WY,23000,Grounded,2025-11-10,,Grounded at Dealer_Z
VIN_XXXXXXXXXX321,2023,HYUNDAI,IONIQ 5 Limited,D041,Oklahoma City,OK,24700,Grounded,2026-01-19,,Grounded at Dealer_OO
VIN_XXXXXXXXXX322,2022,HYUNDAI,IONIQ 5 SE,D046,Providence,RI,16900,Grounded,2026-01-26,,Grounded at Dealer_TT
VIN_XXXXXXXXXX323,2023,HYUNDAI,IONIQ 5 Limited,D044,Hartford,CT,25700,Grounded,2025-11-03,,Grounded at Dealer_RR
VIN_XXXXXXXXXX324,2024,HYUNDAI,IONIQ 5 SEL,D013,Dallas,TX,20450,Grounded,2025-10-13,,Grounded at Dealer_M
VIN_XXXXXXXXXX325,2024,HYUNDAI,IONIQ 5 SEL,D031,Salt Lake City,UT,25500,Grounded,2025-11-17,,Grounded at Dealer_EE
VIN_XXXXXXXXXX326,2022,HYUNDAI,IONIQ 5 SE,D045,Tampa,FL,15050,Grounded,2025-11-17,,Grounded at Dealer_SS
VIN_XXXXXXXXXX327,2022,HYUNDAI,IONIQ 5 SE,D009,Charleston,SC,15550,Grounded,2025-11-10,,Grounded at Dealer_I
VIN_XXXXXXXXXX328,2022,HYUNDAI,IONIQ 5 SE,D049,Carson City,NV,13600,Grounded,2026-01-26,,Grounded at Dealer_WW
VIN_XXXXXXXXXX329,2022,HYUNDAI,IONIQ 5 SE,D022,Minneapolis,MN,15650,Grounded,2025-10-20,,Grounded at Dealer_V
VIN_XXXXXXXXXX330,2023,HYUNDAI,IONIQ 5 Limited,D049,Carson City,NV,16750,Grounded,2026-01-19,,Grounded at Dealer_WW
VIN_XXXXXXXXXX331,2024,HYUNDAI,IONIQ 5 SEL,D006,Olympia,WA,27350,Grounded,2025-10-20,,Grounded at Dealer_F
VIN_XXXXXXXXXX332,2023,HYUNDAI,IONIQ 5 Limited,D013,Dallas,TX,22150,Grounded,2025-12-15,,Grounded at Dealer_M
VIN_XXXXXXXXXX333,2022,HYUNDAI,IONIQ 5 SE,D020,Louisville,KY,13100,Grounded,2025-12-08,,Grounded at Dealer_T
VIN_XXXXXXXXXX334,2022,HYUNDAI,IONIQ 5 SE,D043,Bismarck,ND,16600,Grounded,2026-01-05,,Grounded at Dealer_QQ
VIN_XXXXXXXXXX335,2022,HYUNDAI,IONIQ 5 SE,D006,Olympia,WA,13600,Grounded,2025-11-24,,Grounded at Dealer_F
VIN_XXXXXXXXXX336,2022,HYUNDAI,IONIQ 5 SE,D004,Charlotte,NC,17450,Grounded,2025-10-27,,Grounded at Dealer_D
VIN_XXXXXXXXXX337,2024,HYUNDAI,IONIQ 5 SEL,D042,Milwaukee,WI,23000,Grounded,2025-11-10,,Grounded at Dealer_PP
VIN_XXXXXXXXXX338,2023,HYUNDAI,IONIQ 5 Limited,D021,Pierre,SD,18500,Grounded,2025-12-15,,Grounded at Dealer_U
VIN_XXXXXXXXXX339,2023,HYUNDAI,IONIQ 5 Limited,D019,Detroit,MI,21200,Grounded,2026-01-19,,Grounded at Dealer_S
VIN_XXXXXXXXXX340,2022,HYUNDAI,IONIQ 5 SE,D030,San Antonio,TX,17550,Grounded,2025-12-22,,Grounded at Dealer_DD
VIN_XXXXXXXXXX341,2022,HYUNDAI,IONIQ 5 SE,D043,Bismarck,ND,17950,Grounded,2025-10-27,,Grounded at Dealer_QQ
VIN_XXXXXXXXXX342,2023,HYUNDAI,IONIQ 5 Limited,D047,Columbus,OH,23300,Grounded,2025-10-06,,Grounded at Dealer_UU
VIN_XXXXXXXXXX343,2024,HYUNDAI,IONIQ 5 SEL,D021,Pierre,SD,27100,Grounded,2025-11-17,,Grounded at Dealer_U
VIN_XXXXXXXXXX344,2024,HYUNDAI,IONIQ 5 SEL,D030,San Antonio,TX,25850,Grounded,2025-11-10,,Grounded at Dealer_DD
VIN_XXXXXXXXXX345,2022,HYUNDAI,IONIQ 5 SE,D002,Sacramento,CA,16350,Grounded,2025-11-10,,Grounded at Dealer_B
VIN_XXXXXXXXXX346,2023,HYUNDAI,IONIQ 5 Limited,D043,Bismarck,ND,16150,Grounded,2025-12-01,,Grounded at Dealer_QQ
VIN_XXXXXXXXXX347,2022,HYUNDAI,IONIQ 5 SE,D008,Topeka,KS,14750,Grounded,2025-10-27,,Grounded at Dealer_H
VIN_XXXXXXXXXX348,2022,HYUNDAI,IONIQ 5 SE,D029,Jackson,MS,17600,Grounded,2025-10-20,,Grounded at Dealer_CC
VIN_XXXXXXXXXX349,2023,HYUNDAI,IONIQ 5 Limited,D033,Los Angeles,CA,21300,Grounded,2025-12-22,,Grounded at Dealer_GG
VIN_XXXXXXXXXX350,2023,HYUNDAI,IONIQ 5 Limited,D042,Milwaukee,WI,20700,Grounded,2026-01-12,,Grounded at Dealer_PP
VIN_XXXXXXXXXX351,2023,HYUNDAI,IONIQ 5 Limited,D040,Little Rock,AR,19250,Grounded,2026-01-19,,Grounded at Dealer_NN
VIN_XXXXXXXXXX352,2023,HYUNDAI,IONIQ 5 Limited,D031,Salt Lake City,UT,21100,Grounded,2025-12-08,,Grounded at Dealer_EE
VIN_XXXXXXXXXX353,2024,HYUNDAI,IONIQ 5 SEL,D025,Indianapolis,IN,24400,Grounded,2025-12-15,,Grounded at Dealer_Y
VIN_XXXXXXXXXX354,2024,HYUNDAI,IONIQ 5 SEL,D014,Las Vegas,NV,22100,Grounded,2025-11-10,,Grounded at Dealer_N
VIN_XXXXXXXXXX355,2023,HYUNDAI,IONIQ 5 Limited,D007,Phoenix,AZ,24300,Grounded,2025-11-10,,Grounded at Dealer_G
VIN_XXXXXXXXXX356,2022,HYUNDAI,IONIQ 5 SE,D040,Little Rock,AR,16100,Grounded,2025-12-22,,Grounded at Dealer_NN
VIN_XXXXXXXXXX357,2023,HYUNDAI,IONIQ 5 Limited,D034,Houston,TX,22850,Grounded,2025-10-20,,Grounded at Dealer_HH
VIN_XXXXXXXXXX358,2024,HYUNDAI,IONIQ 5 SEL,D008,Topeka,KS,22250,Grounded,2025-11-10,,Grounded at Dealer_H
VIN_XXXXXXXXXX359,2023,HYUNDAI,IONIQ 5 Limited,D043,Bismarck,ND,18250,Grounded,2026-01-26,,Grounded at Dealer_QQ
VIN_XXXXXXXXXX360,2023,HYUNDAI,IONIQ 5 Limited,D029,Jackson,MS,20900,Grounded,2026-01-12,,Grounded at Dealer_CC
VIN_XXXXXXXXXX361,2024,HYUNDAI,IONIQ 5 SEL,D049,Carson City,NV,22100,Grounded,2025-11-03,,Grounded at Dealer_WW
VIN_XXXXXXXXXX362,2022,HYUNDAI,IONIQ 5 SE,D031,Salt Lake City,UT,14350,Grounded,2026-02-02,,Grounded at Dealer_EE
VIN_XXXXXXXXXX363,2024,HYUNDAI,IONIQ 5 SEL,D027,Nashville,TN,23750,Grounded,2025-11-10,,Grounded at Dealer_AA
VIN_XXXXXXXXXX364,2024,HYUNDAI,IONIQ 5 SEL,D018,Wilmington,DE,21450,Grounded,2025-12-22,,Grounded at Dealer_R
VIN_XXXXXXXXXX365,2023,HYUNDAI,IONIQ 5 Limited,D044,Hartford,CT,19400,Grounded,2025-12-15,,Grounded at Dealer_RR
VIN_XXXXXXXXXX366,2022,HYUNDAI,IONIQ 5 SE,D037,Boise,ID,15050,Grounded,2025-12-22,,Grounded at Dealer_KK
VIN_XXXXXXXXXX367,2022,HYUNDAI,IONIQ 5 SE,D031,Salt Lake City,UT,16150,Grounded,2025-12-29,,Grounded at Dealer_EE
VIN_XXXXXXXXXX368,2023,HYUNDAI,IONIQ 5 Limited,D048,Lincoln,NE,24150,Grounded,2025-12-08,,Grounded at Dealer_VV
VIN_XXXXXXXXXX369,2023,HYUNDAI,IONIQ 5 Limited,D045,Tampa,FL,21850,Grounded,2026-02-02,,Grounded at Dealer_SS
VIN_XXXXXXXXXX370,2022,HYUNDAI,IONIQ 5 SE,D016,Richmond,VA,14750,Grounded,2025-11-17,,Grounded at Dealer_P
VIN_XXXXXXXXXX371,2024,HYUNDAI,IONIQ 5 SEL,D001,Portland,OR,26100,Grounded,2025-12-22,,Grounded at Dealer_A
VIN_XXXXXXXXXX372,2023,HYUNDAI,IONIQ 5 Limited,D022,Minneapolis,MN,19600,Grounded,2025-12-08,,Grounded at Dealer_V
VIN_XXXXXXXXXX373,2024,HYUNDAI,IONIQ 5 SEL,D005,Seattle,WA,21000,Grounded,2025-11-24,,Grounded at Dealer_E
VIN_XXXXXXXXXX374,2022,HYUNDAI,IONIQ 5 SE,D009,Charleston,SC,14650,Grounded,2025-12-15,,Grounded at Dealer_I
VIN_XXXXXXXXXX375,2024,HYUNDAI,IONIQ 5 SEL,D003,Albuquerque,NM,27450,Grounded,2026-02-02,,Grounded at Dealer_C
VIN_XXXXXXXXXX376,2024,HYUNDAI,IONIQ 5 SEL,D015,Boston,MA,28250,Grounded,2025-10-06,,Grounded at Dealer_O
VIN_XXXXXXXXXX377,2022,HYUNDAI,IONIQ 5 SE,D045,Tampa,FL,16700,Grounded,2025-10-27,,Grounded at Dealer_SS
VIN_XXXXXXXXXX378,2023,HYUNDAI,IONIQ 5 Limited,D050,Salem,OR,21750,Grounded,2026-01-12,,Grounded at Dealer_XX
VIN_XXXXXXXXXX379,2024,HYUNDAI,IONIQ 5 SEL,D023,Atlanta,GA,26950,Grounded,2025-11-24,,Grounded at Dealer_W
VIN_XXXXXXXXXX380,2023,HYUNDAI,IONIQ 5 Limited,D016,Richmond,VA,23250,Grounded,2025-12-29,,Grounded at Dealer_P
VIN_XXXXXXXXXX381,2023,HYUNDAI,IONIQ 5 Limited,D021,Pierre,SD,23800,Grounded,2025-11-17,,Grounded at Dealer_U
VIN_XXXXXXXXXX382,2023,HYUNDAI,IONIQ 5 Limited,D024,Helena,MT,22050,Grounded,2026-01-26,,Grounded at Dealer_X
VIN_XXXXXXXXXX383,2022,HYUNDAI,IONIQ 5 SE,D048,Lincoln,NE,15900,Grounded,2025-12-15,,Grounded at Dealer_VV
VIN_XXXXXXXXXX384,2024,HYUNDAI,IONIQ 5 SEL,D043,Bismarck,ND,21850,Grounded,2025-10-13,,Grounded at Dealer_QQ
VIN_XXXXXXXXXX385,2023,HYUNDAI,IONIQ 5 Limited,D050,Salem,OR,19250,Grounded,2025-12-22,,Grounded at Dealer_XX
VIN_XXXXXXXXXX386,2024,HYUNDAI,IONIQ 5 SEL,D022,Minneapolis,MN,21200,Grounded,2025-11-24,,Grounded at Dealer_V
VIN_XXXXXXXXXX387,2023,HYUNDAI,IONIQ 5 Limited,D041,Oklahoma City,OK,17500,Grounded,2025-11-03,,Grounded at Dealer_OO
VIN_XXXXXXXXXX388,2024,HYUNDAI,IONIQ 5 SEL,D006,Olympia,WA,27450,Grounded,2025-12-15,,Grounded at Dealer_F
VIN_XXXXXXXXXX389,2024,HYUNDAI,IONIQ 5 SEL,D009,Charleston,SC,21600,Grounded,2025-11-24,,Grounded at Dealer_I
VIN_XXXXXXXXXX390,2023,HYUNDAI,IONIQ 5 Limited,D037,Boise,ID,20250,Grounded,2025-11-03,,Grounded at Dealer_KK
VIN_XXXXXXXXXX391,2023,HYUNDAI,IONIQ 5 Limited,D048,Lincoln,NE,21750,Grounded,2025-10-13,,Grounded at Dealer_VV
VIN_XXXXXXXXXX392,2023,HYUNDAI,IONIQ 5 Limited,D024,Helena,MT,24100,Grounded,2025-11-10,,Grounded at Dealer_X
VIN_XXXXXXXXXX393,2023,HYUNDAI,IONIQ 5 Limited,D023,Atlanta,GA,19750,Grounded,2025-12-08,,Grounded at Dealer_W
VIN_XXXXXXXXXX394,2024,HYUNDAI,IONIQ 5 SEL,D005,Seattle,WA,22000,Grounded,2025-10-13,,Grounded at Dealer_E
VIN_XXXXXXXXXX395,2024,HYUNDAI,IONIQ 5 SEL,D021,Pierre,SD,21050,Grounded,2025-11-24,,Grounded at Dealer_U
VIN_XXXXXXXXXX396,2022,HYUNDAI,IONIQ 5 SE,D008,Topeka,KS,16950,Grounded,2026-02-02,,Grounded at Dealer_H
VIN_XXXXXXXXXX397,2024,HYUNDAI,IONIQ 5 SEL,D019,Detroit,MI,26600,Grounded,2025-12-15,,Grounded at Dealer_S
VIN_XXXXXXXXXX398,2023,HYUNDAI,IONIQ 5 Limited,D009,Charleston,SC,20600,Grounded,2025-12-01,,Grounded at Dealer_I
VIN_XXXXXXXXXX399,2023,HYUNDAI,IONIQ 5 Limited,D001,Portland,OR,23450,Grounded,2025-12-15,,Grounded at Dealer_A
VIN_XXXXXXXXXX400,2023,HYUNDAI,IONIQ 5 Limited,D018,Wilmington,DE,17150,Grounded,2025-11-03,,Grounded at Dealer_R
VIN_XXXXXXXXXX401,2024,HYUNDAI,IONIQ 5 SEL,D030,San Antonio,TX,25250,Grounded,2025-12-15,,Grounded at Dealer_DD
VIN_XXXXXXXXXX402,2024,HYUNDAI,IONIQ 5 SEL,D035,Denver,CO,25550,Grounded,2025-12-08,,Grounded at Dealer_II
VIN_XXXXXXXXXX403,2022,HYUNDAI,IONIQ 5 SE,D042,Milwaukee,WI,17550,Grounded,2025-11-10,,Grounded at Dealer_PP
VIN_XXXXXXXXXX404,2024,HYUNDAI,IONIQ 5 SEL,D038,Miami,FL,27750,Grounded,2025-11-03,,Grounded at Dealer_LL
VIN_XXXXXXXXXX405,2022,HYUNDAI,IONIQ 5 SE,D007,Phoenix,AZ,13700,Grounded,2025-10-13,,Grounded at Dealer_G
VIN_XXXXXXXXXX406,2022,HYUNDAI,IONIQ 5 SE,D018,Wilmington,DE,17800,Grounded,2025-11-17,,Grounded at Dealer_R
VIN_XXXXXXXXXX407,2022,HYUNDAI,IONIQ 5 SE,D034,Houston,TX,17500,Grounded,2025-12-08,,Grounded at Dealer_HH
VIN_XXXXXXXXXX408,2024,HYUNDAI,IONIQ 5 SEL,D032,Birmingham,AL,28150,Grounded,2025-10-20,,Grounded at Dealer_FF
VIN_XXXXXXXXXX409,2022,HYUNDAI,IONIQ 5 SE,D034,Houston,TX,17700,Grounded,2025-10-27,,Grounded at Dealer_HH
VIN_XXXXXXXXXX410,2024,HYUNDAI,IONIQ 5 SEL,D029,Jackson,MS,24900,Grounded,2025-12-22,,Grounded at Dealer_CC
VIN_XXXXXXXXXX411,2023,HYUNDAI,IONIQ 5 Limited,D030,San Antonio,TX,20700,Grounded,2025-12-15,,Grounded at Dealer_DD
VIN_XXXXXXXXXX412,2022,HYUNDAI,IONIQ 5 SE,D046,Providence,RI,18500,Grounded,2025-10-27,,Grounded at Dealer_TT
VIN_XXXXXXXXXX413,2024,HYUNDAI,IONIQ 5 SEL,D046,Providence,RI,25300,Grounded,2025-10-13,,Grounded at Dealer_TT
VIN_XXXXXXXXXX414,2024,HYUNDAI,IONIQ 5 SEL,D038,Miami,FL,27100,Grounded,2025-10-13,,Grounded at Dealer_LL
VIN_XXXXXXXXXX415,2022,HYUNDAI,IONIQ 5 SE,D025,Indianapolis,IN,13600,Grounded,2025-10-27,,Grounded at Dealer_Y
VIN_XXXXXXXXXX416,2023,HYUNDAI,IONIQ 5 Limited,D039,Buffalo,NY,20250,Grounded,2025-11-17,,Grounded at Dealer_MM
VIN_XXXXXXXXXX417,2024,HYUNDAI,IONIQ 5 SEL,D022,Minneapolis,MN,26200,Grounded,2026-02-02,,Grounded at Dealer_V
VIN_XXXXXXXXXX418,2023,HYUNDAI,IONIQ 5 Limited,D038,Miami,FL,20300,Grounded,2026-01-26,,Grounded at Dealer_LL
VIN_XXXXXXXXXX419,2022,HYUNDAI,IONIQ 5 SE,D047,Columbus,OH,19550,Grounded,2025-12-22,,Grounded at Dealer_UU
VIN_XXXXXXXXXX420,2023,HYUNDAI,IONIQ 5 Limited,D010,Philadelphia,PA,23750,Grounded,2026-01-26,,Grounded at Dealer_J
VIN_XXXXXXXXXX421,2022,HYUNDAI,IONIQ 5 SE,D011,Des Moines,IA,14100,Grounded,2025-12-01,,Grounded at Dealer_K
VIN_XXXXXXXXXX422,2022,HYUNDAI,IONIQ 5 SE,D009,Charleston,SC,19300,Grounded,2025-10-27,,Grounded at Dealer_I
VIN_XXXXXXXXXX423,2022,HYUNDAI,IONIQ 5 SE,D043,Bismarck,ND,18750,Grounded,2026-01-26,,Grounded at Dealer_QQ
VIN_XXXXXXXXXX424,2024,HYUNDAI,IONIQ 5 SEL,D040,Little Rock,AR,27950,Grounded,2026-02-02,,Grounded at Dealer_NN
VIN_XXXXXXXXXX425,2022,HYUNDAI,IONIQ 5 SE,D042,Milwaukee,WI,16300,Grounded,2025-10-20,,Grounded at Dealer_PP
VIN_XXXXXXXXXX426,2022,HYUNDAI,IONIQ 5 SE,D027,Nashville,TN,16650,Grounded,2025-11-10,,Grounded at Dealer_AA
VIN_XXXXXXXXXX427,2022,HYUNDAI,IONIQ 5 SE,D029,Jackson,MS,16700,Grounded,2025-10-20,,Grounded at Dealer_CC
VIN_XXXXXXXXXX428,2023,HYUNDAI,IONIQ 5 Limited,D037,Boise,ID,24800,Grounded,2025-12-01,,Grounded at Dealer_KK
VIN_XXXXXXXXXX429,2024,HYUNDAI,IONIQ 5 SEL,D044,Hartford,CT,28350,Grounded,2025-12-29,,Grounded at Dealer_RR
VIN_XXXXXXXXXX430,2023,HYUNDAI,IONIQ 5 Limited,D021,Pierre,SD,19800,Grounded,2025-12-01,,Grounded at Dealer_U
VIN_XXXXXXXXXX431,2024,HYUNDAI,IONIQ 5 SEL,D002,Sacramento,CA,21500,Grounded,2025-11-17,,Grounded at Dealer_B
VIN_XXXXXXXXXX432,2023,HYUNDAI,IONIQ 5 Limited,D018,Wilmington,DE,22450,Grounded,2025-11-24,,Grounded at Dealer_R
VIN_XXXXXXXXXX433,2024,HYUNDAI,IONIQ 5 SEL,D024,Helena,MT,22100,Grounded,2025-11-17,,Grounded at Dealer_X
VIN_XXXXXXXXXX434,2022,HYUNDAI,IONIQ 5 SE,D049,Carson City,NV,19750,Grounded,2025-10-27,,Grounded at Dealer_WW
VIN_XXXXXXXXXX435,2024,HYUNDAI,IONIQ 5 SEL,D043,Bismarck,ND,27350,Grounded,2026-01-26,,Grounded at Dealer_QQ
VIN_XXXXXXXXXX436,2022,HYUNDAI,IONIQ 5 SE,D011,Des Moines,IA,14150,Grounded,2026-01-26,,Grounded at Dealer_K
VIN_XXXXXXXXXX437,2023,HYUNDAI,IONIQ 5 Limited,D006,Olympia,WA,20150,Grounded,2026-01-19,,Grounded at Dealer_F
VIN_XXXXXXXXXX438,2022,HYUNDAI,IONIQ 5 SE,D041,Oklahoma City,OK,14300,Grounded,2025-11-10,,Grounded at Dealer_OO
VIN_XXXXXXXXXX439,2024,HYUNDAI,IONIQ 5 SEL,D038,Miami,FL,23500,Grounded,2026-01-12,,Grounded at Dealer_LL
VIN_XXXXXXXXXX440,2024,HYUNDAI,IONIQ 5 SEL,D006,Olympia,WA,21700,Grounded,2026-01-12,,Grounded at Dealer_F
VIN_XXXXXXXXXX441,2024,HYUNDAI,IONIQ 5 SEL,D038,Miami,FL,25300,Grounded,2025-12-22,,Grounded at Dealer_LL
VIN_XXXXXXXXXX442,2023,HYUNDAI,IONIQ 5 Limited,D020,Louisville,KY,18500,Grounded,2025-12-22,,Grounded at Dealer_T
VIN_XXXXXXXXXX443,2023,HYUNDAI,IONIQ 5 Limited,D022,Minneapolis,MN,18750,Grounded,2025-12-08,,Grounded at Dealer_V
VIN_XXXXXXXXXX444,2024,HYUNDAI,IONIQ 5 SEL,D023,Atlanta,GA,21700,Grounded,2025-11-03,,Grounded at Dealer_W
VIN_XXXXXXXXXX445,2022,HYUNDAI,IONIQ 5 SE,D032,Birmingham,AL,16950,Grounded,2025-12-22,,Grounded at Dealer_FF
VIN_XXXXXXXXXX446,2024,HYUNDAI,IONIQ 5 SEL,D034,Houston,TX,26250,Grounded,2025-10-06,,Grounded at Dealer_HH
VIN_XXXXXXXXXX447,2023,HYUNDAI,IONIQ 5 Limited,D046,Providence,RI,23700,Grounded,2025-11-24,,Grounded at Dealer_TT
VIN_XXXXXXXXXX448,2023,HYUNDAI,IONIQ 5 Limited,D019,Detroit,MI,17400,Grounded,2025-12-15,,Grounded at Dealer_S
VIN_XXXXXXXXXX449,2022,HYUNDAI,IONIQ 5 SE,D004,Charlotte,NC,16350,Grounded,2025-11-24,,Grounded at Dealer_D
VIN_XXXXXXXXXX450,2022,HYUNDAI,IONIQ 5 SE,D004,Charlotte,NC,16150,Grounded,2025-10-27,,Grounded at Dealer_D
VIN_XXXXXXXXXX451,2023,HYUNDAI,IONIQ 5 Limited,D009,Charleston,SC,24250,Grounded,2026-01-26,,Grounded at Dealer_I
VIN_XXXXXXXXXX452,2024,HYUNDAI,IONIQ 5 SEL,D042,Milwaukee,WI,25600,Grounded,2025-10-13,,Grounded at Dealer_PP
VIN_XXXXXXXXXX453,2024,HYUNDAI,IONIQ 5 SEL,D027,Nashville,TN,28050,Grounded,2026-02-02,,Grounded at Dealer_AA
VIN_XXXXXXXXXX454,2024,HYUNDAI,IONIQ 5 SEL,D004,Charlotte,NC,22600,Grounded,2025-11-03,,Grounded at Dealer_D
VIN_XXXXXXXXXX455,2022,HYUNDAI,IONIQ 5 SE,D038,Miami,FL,19550,Grounded,2025-10-20,,Grounded at Dealer_LL
VIN_XXXXXXXXXX456,2023,HYUNDAI,IONIQ 5 Limited,D044,Hartford,CT,22350,Grounded,2025-12-15,,Grounded at Dealer_RR
VIN_XXXXXXXXXX457,2022,HYUNDAI,IONIQ 5 SE,D032,Birmingham,AL,15850,Grounded,2026-02-02,,Grounded at Dealer_FF
VIN_XXXXXXXXXX458,2022,HYUNDAI,IONIQ 5 SE,D020,Louisville,KY,16700,Grounded,2025-12-22,,Grounded at Dealer_T
VIN_XXXXXXXXXX459,2024,HYUNDAI,IONIQ 5 SEL,D004,Charlotte,NC,24750,Grounded,2026-01-12,,Grounded at Dealer_D
VIN_XXXXXXXXXX460,2023,HYUNDAI,IONIQ 5 Limited,D025,Indianapolis,IN,20750,Grounded,2025-12-22,,Grounded at Dealer_Y
VIN_XXXXXXXXXX461,2024,HYUNDAI,IONIQ 5 SEL,D007,Phoenix,AZ,24250,Grounded,2025-11-10,,Grounded at Dealer_G
VIN_XXXXXXXXXX462,2022,HYUNDAI,IONIQ 5 SE,D003,Albuquerque,NM,18350,Grounded,2025-10-20,,Grounded at Dealer_C
VIN_XXXXXXXXXX463,2023,HYUNDAI,IONIQ 5 Limited,D040,Little Rock,AR,23500,Grounded,2025-11-03,,Grounded at Dealer_NN
VIN_XXXXXXXXXX464,2024,HYUNDAI,IONIQ 5 SEL,D029,Jackson,MS,27600,Grounded,2025-11-10,,Grounded at Dealer_CC
VIN_XXXXXXXXXX465,2024,HYUNDAI,IONIQ 5 SEL,D023,Atlanta,GA,26550,Grounded,2026-02-02,,Grounded at Dealer_W
VIN_XXXXXXXXXX466,2023,HYUNDAI,IONIQ 5 Limited,D014,Las Vegas,NV,25200,Grounded,2025-12-29,,Grounded at Dealer_N
VIN_XXXXXXXXXX467,2024,HYUNDAI,IONIQ 5 SEL,D040,Little Rock,AR,23450,Grounded,2025-10-20,,Grounded at Dealer_NN
VIN_XXXXXXXXXX468,2022,HYUNDAI,IONIQ 5 SE,D002,Sacramento,CA,18650,Grounded,2025-11-17,,Grounded at Dealer_B
VIN_XXXXXXXXXX469,2022,HYUNDAI,IONIQ 5 SE,D009,Charleston,SC,19000,Grounded,2026-01-26,,Grounded at Dealer_I
VIN_XXXXXXXXXX470,2023,HYUNDAI,IONIQ 5 Limited,D031,Salt Lake City,UT,22100,Grounded,2025-10-13,,Grounded at Dealer_EE
VIN_XXXXXXXXXX471,2023,HYUNDAI,IONIQ 5 Limited,D025,Indianapolis,IN,19300,Grounded,2026-01-26,,Grounded at Dealer_Y
VIN_XXXXXXXXXX472,2022,HYUNDAI,IONIQ 5 SE,D028,Kansas City,MO,17400,Grounded,2026-01-19,,Grounded at Dealer_BB
VIN_XXXXXXXXXX473,2022,HYUNDAI,IONIQ 5 SE,D014,Las Vegas,NV,17600,Grounded,2025-12-22,,Grounded at Dealer_N
VIN_XXXXXXXXXX474,2024,HYUNDAI,IONIQ 5 SEL,D020,Louisville,KY,25650,Grounded,2025-11-24,,Grounded at Dealer_T
VIN_XXXXXXXXXX475,2024,HYUNDAI,IONIQ 5 SEL,D021,Pierre,SD,26800,Grounded,2025-10-20,,Grounded at Dealer_U
VIN_XXXXXXXXXX476,2024,HYUNDAI,IONIQ 5 SEL,D026,Cheyenne,WY,21400,Grounded,2025-11-10,,Grounded at Dealer_Z
VIN_XXXXXXXXXX477,2023,HYUNDAI,IONIQ 5 Limited,D022,Minneapolis,MN,22200,Grounded,2025-10-20,,Grounded at Dealer_V
VIN_XXXXXXXXXX478,2024,HYUNDAI,IONIQ 5 SEL,D018,Wilmington,DE,23200,Grounded,2025-10-20,,Grounded at Dealer_R
VIN_XXXXXXXXXX479,2024,HYUNDAI,IONIQ 5 SEL,D044,Hartford,CT,26000,Grounded,2025-10-20,,Grounded at Dealer_RR
VIN_XXXXXXXXXX480,2022,HYUNDAI,IONIQ 5 SE,D008,Topeka,KS,18200,Grounded,2025-10-27,,Grounded at Dealer_H
VIN_XXXXXXXXXX481,2024,HYUNDAI,IONIQ 5 SEL,D033,Los Angeles,CA,24050,Grounded,2025-12-22,,Grounded at Dealer_GG
VIN_XXXXXXXXXX482,2023,HYUNDAI,IONIQ 5 Limited,D012,Baton Rouge,LA,19300,Grounded,2025-12-29,,Grounded at Dealer_L
VIN_XXXXXXXXXX483,2023,HYUNDAI,IONIQ 5 Limited,D040,Little Rock,AR,21800,Grounded,2025-12-22,,Grounded at Dealer_NN
VIN_XXXXXXXXXX484,2022,HYUNDAI,IONIQ 5 SE,D043,Bismarck,ND,17200,Grounded,2025-10-27,,Grounded at Dealer_QQ
VIN_XXXXXXXXXX485,2024,HYUNDAI,IONIQ 5 SEL,D047,Columbus,OH,22100,Grounded,2025-12-15,,Grounded at Dealer_UU
VIN_XXXXXXXXXX486,2024,HYUNDAI,IONIQ 5 SEL,D002,Sacramento,CA,24350,Grounded,2025-11-17,,Grounded at Dealer_B
VIN_XXXXXXXXXX487,2023,HYUNDAI,IONIQ 5 Limited,D040,Little Rock,AR,24500,Grounded,2026-01-19,,Grounded at Dealer_NN
VIN_XXXXXXXXXX488,2024,HYUNDAI,IONIQ 5 SEL,D013,Dallas,TX,28150,Grounded,2025-10-13,,Grounded at Dealer_M
VIN_XXXXXXXXXX489,2023,HYUNDAI,IONIQ 5 Limited,D035,Denver,CO,24000,Grounded,2025-11-17,,Grounded at Dealer_II
VIN_XXXXXXXXXX490,2022,HYUNDAI,IONIQ 5 SE,D016,Richmond,VA,17250,Grounded,2025-10-20,,Grounded at Dealer_P
VIN_XXXXXXXXXX491,2023,HYUNDAI,IONIQ 5 Limited,D037,Boise,ID,23400,Grounded,2026-01-19,,Grounded at Dealer_KK
VIN_XXXXXXXXXX492,2022,HYUNDAI,IONIQ 5 SE,D001,Portland,OR,16550,Grounded,2025-12-29,,Grounded at Dealer_A
VIN_XXXXXXXXXX493,2024,HYUNDAI,IONIQ 5 SEL,D002,Sacramento,CA,22650,Grounded,2025-10-13,,Grounded at Dealer_B
VIN_XXXXXXXXXX494,2023,HYUNDAI,IONIQ 5 Limited,D039,Buffalo,NY,19150,Grounded,2025-12-29,,Grounded at Dealer_MM
VIN_XXXXXXXXXX495,2022,HYUNDAI,IONIQ 5 SE,D020,Louisville,KY,17100,Grounded,2025-10-27,,Grounded at Dealer_T
VIN_XXXXXXXXXX496,2023,HYUNDAI,IONIQ 5 Limited,D012,Baton Rouge,LA,23600,Grounded,2026-01-12,,Grounded at Dealer_L
VIN_XXXXXXXXXX497,2023,HYUNDAI,IONIQ 5 Limited,D021,Pierre,SD,20650,Grounded,2025-11-10,,Grounded at Dealer_U
VIN_XXXXXXXXXX498,2024,HYUNDAI,IONIQ 5 SEL,D045,Tampa,FL,21700,Grounded,2025-10-20,,Grounded at Dealer_SS
VIN_XXXXXXXXXX499,2023,HYUNDAI,IONIQ 5 Limited,D012,Baton Rouge,LA,17300,Grounded,2025-11-03,,Grounded at Dealer_L
VIN_XXXXXXXXXX500,2023,HYUNDAI,IONIQ 5 Limited,D011,Des Moines,IA,23550,Grounded,2025-12-01,,Grounded at Dealer_K
VIN_XXXXXXXXXX501,2023,HYUNDAI,IONIQ 5 Limited,D020,Louisville,KY,22700,Grounded,2025-10-13,,Grounded at Dealer_T
VIN_XXXXXXXXXX502,2022,HYUNDAI,IONIQ 5 SE,D003,Albuquerque,NM,17550,Grounded,2025-10-13,,Grounded at Dealer_C
VIN_XXXXXXXXXX503,2023,HYUNDAI,IONIQ 5 Limited,D032,Birmingham,AL,20300,Grounded,2025-12-22,,Grounded at Dealer_FF
VIN_XXXXXXXXXX504,2024,HYUNDAI,IONIQ 5 SEL,D041,Oklahoma City,OK,26600,Grounded,2025-11-03,,Grounded at Dealer_OO
VIN_XXXXXXXXXX505,2023,HYUNDAI,IONIQ 5 Limited,D016,Richmond,VA,26000,Grounded,2025-11-10,,Grounded at Dealer_P
VIN_XXXXXXXXXX506,2022,HYUNDAI,IONIQ 5 SE,D023,Atlanta,GA,13700,Grounded,2025-10-27,,Grounded at Dealer_W
VIN_XXXXXXXXXX507,2022,HYUNDAI,IONIQ 5 SE,D019,Detroit,MI,13200,Grounded,2026-02-02,,Grounded at Dealer_S
VIN_XXXXXXXXXX508,2022,HYUNDAI,IONIQ 5 SE,D045,Tampa,FL,16550,Grounded,2026-02-02,,Grounded at Dealer_SS
VIN_XXXXXXXXXX509,2022,HYUNDAI,IONIQ 5 SE,D003,Albuquerque,NM,13050,Grounded,2025-12-15,,Grounded at Dealer_C
VIN_XXXXXXXXXX510,2022,HYUNDAI,IONIQ 5 SE,D046,Providence,RI,19050,Grounded,2025-12-15,,Grounded at Dealer_TT
VIN_XXXXXXXXXX511,2022,HYUNDAI,IONIQ 5 SE,D016,Richmond,VA,16650,Grounded,2025-11-24,,Grounded at Dealer_P
VIN_XXXXXXXXXX512,2023,HYUNDAI,IONIQ 5 Limited,D011,Des Moines,IA,20800,Grounded,2026-01-26,,Grounded at Dealer_K
VIN_XXXXXXXXXX513,2023,HYUNDAI,IONIQ 5 Limited,D005,Seattle,WA,22150,Grounded,2025-11-24,,Grounded at Dealer_E
VIN_XXXXXXXXXX514,2022,HYUNDAI,IONIQ 5 SE,D028,Kansas City,MO,17500,Grounded,2025-12-15,,Grounded at Dealer_BB
VIN_XXXXXXXXXX515,2023,HYUNDAI,IONIQ 5 Limited,D003,Albuquerque,NM,22950,Grounded,2026-01-19,,Grounded at Dealer_C
VIN_XXXXXXXXXX516,2022,HYUNDAI,IONIQ 5 SE,D045,Tampa,FL,18150,Grounded,2025-10-27,,Grounded at Dealer_SS
VIN_XXXXXXXXXX517,2023,HYUNDAI,IONIQ 5 Limited,D017,Juneau,AK,21000,Grounded,2025-12-29,,Grounded at Dealer_Q
VIN_XXXXXXXXXX518,2022,HYUNDAI,IONIQ 5 SE,D050,Salem,OR,17950,Grounded,2025-12-15,,Grounded at Dealer_XX
VIN_XXXXXXXXXX519,2023,HYUNDAI,IONIQ 5 Limited,D015,Boston,MA,18050,Grounded,2026-01-12,,Grounded at Dealer_O
VIN_XXXXXXXXXX520,2024,HYUNDAI,IONIQ 5 SEL,D014,Las Vegas,NV,23950,Grounded,2025-10-20,,Grounded at Dealer_N
VIN_XXXXXXXXXX521,2022,HYUNDAI,IONIQ 5 SE,D018,Wilmington,DE,14700,Grounded,2025-10-20,,Grounded at Dealer_R
VIN_XXXXXXXXXX522,2024,HYUNDAI,IONIQ 5 SEL,D029,Jackson,MS,22950,Grounded,2025-10-27,,Grounded at Dealer_CC
VIN_XXXXXXXXXX523,2022,HYUNDAI,IONIQ 5 SE,D047,Columbus,OH,16250,Grounded,2026-01-26,,Grounded at Dealer_UU
VIN_XXXXXXXXXX524,2024,HYUNDAI,IONIQ 5 SEL,D050,Salem,OR,20300,Grounded,2025-12-29,,Grounded at Dealer_XX
VIN_XXXXXXXXXX525,2023,HYUNDAI,IONIQ 5 Limited,D038,Miami,FL,24100,Grounded,2025-11-10,,Grounded at Dealer_LL
VIN_XXXXXXXXXX526,2024,HYUNDAI,IONIQ 5 SEL,D009,Charleston,SC,25350,Grounded,2025-10-20,,Grounded at Dealer_I
VIN_XXXXXXXXXX527,2022,HYUNDAI,IONIQ 5 SE,D010,Philadelphia,PA,16400,Grounded,2025-10-27,,Grounded at Dealer_J
VIN_XXXXXXXXXX528,2022,HYUNDAI,IONIQ 5 SE,D010,Philadelphia,PA,15550,Grounded,2026-01-26,,Grounded at Dealer_J
VIN_XXXXXXXXXX529,2024,HYUNDAI,IONIQ 5 SEL,D032,Birmingham,AL,25000,Grounded,2025-11-24,,Grounded at Dealer_FF
VIN_XXXXXXXXXX530,2023,HYUNDAI,IONIQ 5 Limited,D014,Las Vegas,NV,19050,Grounded,2026-01-12,,Grounded at Dealer_N
VIN_XXXXXXXXXX531,2022,HYUNDAI,IONIQ 5 SE,D044,Hartford,CT,15850,Grounded,2025-12-15,,Grounded at Dealer_RR
VIN_XXXXXXXXXX532,2023,HYUNDAI,IONIQ 5 Limited,D013,Dallas,TX,21300,Grounded,2025-11-10,,Grounded at Dealer_M
VIN_XXXXXXXXXX533,2024,HYUNDAI,IONIQ 5 SEL,D042,Milwaukee,WI,23100,Grounded,2025-12-08,,Grounded at Dealer_PP
VIN_XXXXXXXXXX534,2024,HYUNDAI,IONIQ 5 SEL,D011,Des Moines,IA,22650,Grounded,2026-01-12,,Grounded at Dealer_K
VIN_XXXXXXXXXX535,2023,HYUNDAI,IONIQ 5 Limited,D029,Jackson,MS,22750,Grounded,2025-11-03,,Grounded at Dealer_CC
VIN_XXXXXXXXXX536,2022,HYUNDAI,IONIQ 5 SE,D036,San Diego,CA,13800,Grounded,2025-10-20,,Grounded at Dealer_JJ
VIN_XXXXXXXXXX537,2024,HYUNDAI,IONIQ 5 SEL,D003,Albuquerque,NM,21850,Grounded,2026-01-12,,Grounded at Dealer_C
VIN_XXXXXXXXXX538,2023,HYUNDAI,IONIQ 5 Limited,D012,Baton Rouge,LA,16950,Grounded,2026-01-19,,Grounded at Dealer_L
VIN_XXXXXXXXXX539,2023,HYUNDAI,IONIQ 5 Limited,D006,Olympia,WA,24100,Grounded,2025-12-01,,Grounded at Dealer_F
VIN_XXXXXXXXXX540,2022,HYUNDAI,IONIQ 5 SE,D012,Baton Rouge,LA,17600,Grounded,2025-10-20,,Grounded at Dealer_L
VIN_XXXXXXXXXX541,2024,HYUNDAI,IONIQ 5 SEL,D027,Nashville,TN,26850,Grounded,2025-11-24,,Grounded at Dealer_AA
VIN_XXXXXXXXXX542,2022,HYUNDAI,IONIQ 5 SE,D028,Kansas City,MO,14550,Grounded,2025-10-27,,Grounded at Dealer_BB
VIN_XXXXXXXXXX543,2022,HYUNDAI,IONIQ 5 SE,D036,San Diego,CA,17450,Grounded,2025-12-22,,Grounded at Dealer_JJ
VIN_XXXXXXXXXX544,2023,HYUNDAI,IONIQ 5 Limited,D002,Sacramento,CA,23050,Grounded,2026-01-19,,Grounded at Dealer_B
VIN_XXXXXXXXXX545,2024,HYUNDAI,IONIQ 5 SEL,D050,Salem,OR,22350,Grounded,2025-10-27,,Grounded at Dealer_XX
VIN_XXXXXXXXXX546,2023,HYUNDAI,IONIQ 5 Limited,D033,Los Angeles,CA,19750,Grounded,2025-11-24,,Grounded at Dealer_GG
VIN_XXXXXXXXXX547,2024,HYUNDAI,IONIQ 5 SEL,D039,Buffalo,NY,21000,Grounded,2026-01-26,,Grounded at Dealer_MM
VIN_XXXXXXXXXX548,2023,HYUNDAI,IONIQ 5 Limited,D023,Atlanta,GA,20100,Grounded,2025-12-22,,Grounded at Dealer_W
VIN_XXXXXXXXXX549,2022,HYUNDAI,IONIQ 5 SE,D030,San Antonio,TX,17150,Grounded,2025-10-27,,Grounded at Dealer_DD
VIN_XXXXXXXXXX550,2023,HYUNDAI,IONIQ 5 Limited,D036,San Diego,CA,21550,Grounded,2025-11-17,,Grounded at Dealer_JJ
VIN_XXXXXXXXXX551,2022,HYUNDAI,IONIQ 5 SE,D024,Helena,MT,15100,Grounded,2026-02-02,,Grounded at Dealer_X
VIN_XXXXXXXXXX552,2023,HYUNDAI,IONIQ 5 Limited,D001,Portland,OR,21350,Grounded,2025-11-03,,Grounded at Dealer_A
VIN_XXXXXXXXXX553,2023,HYUNDAI,IONIQ 5 Limited,D035,Denver,CO,17900,Grounded,2025-12-08,,Grounded at Dealer_II
VIN_XXXXXXXXXX554,2022,HYUNDAI,IONIQ 5 SE,D011,Des Moines,IA,20100,Grounded,2025-10-20,,Grounded at Dealer_K
VIN_XXXXXXXXXX555,2023,HYUNDAI,IONIQ 5 Limited,D018,Wilmington,DE,22150,Grounded,2025-12-22,,Grounded at Dealer_R
VIN_XXXXXXXXXX556,2022,HYUNDAI,IONIQ 5 SE,D024,Helena,MT,15300,Grounded,2025-10-06,,Grounded at Dealer_X
VIN_XXXXXXXXXX557,2024,HYUNDAI,IONIQ 5 SEL,D037,Boise,ID,23000,Grounded,2025-11-24,,Grounded at Dealer_KK
VIN_XXXXXXXXXX558,2022,HYUNDAI,IONIQ 5 SE,D017,Juneau,AK,16600,Grounded,2026-01-26,,Grounded at Dealer_Q
VIN_XXXXXXXXXX559,2022,HYUNDAI,IONIQ 5 SE,D021,Pierre,SD,17900,Grounded,2025-11-10,,Grounded at Dealer_U
VIN_XXXXXXXXXX560,2024,HYUNDAI,IONIQ 5 SEL,D035,Denver,CO,23050,Grounded,2025-12-08,,Grounded at Dealer_II
VIN_XXXXXXXXXX561,2022,HYUNDAI,IONIQ 5 SE,D014,Las Vegas,NV,13900,Grounded,2025-10-27,,Grounded at Dealer_N
VIN_XXXXXXXXXX562,2023,HYUNDAI,IONIQ 5 Limited,D041,Oklahoma City,OK,20150,Grounded,2025-12-29,,Grounded at Dealer_OO
VIN_XXXXXXXXXX563,2024,HYUNDAI,IONIQ 5 SEL,D001,Portland,OR,25200,Grounded,2025-11-24,,Grounded at Dealer_A
VIN_XXXXXXXXXX564,2024,HYUNDAI,IONIQ 5 SEL,D016,Richmond,VA,27500,Grounded,2025-11-24,,Grounded at Dealer_P
VIN_XXXXXXXXXX565,2022,HYUNDAI,IONIQ 5 SE,D036,San Diego,CA,16700,Grounded,2026-01-26,,Grounded at Dealer_JJ
VIN_XXXXXXXXXX566,2022,HYUNDAI,IONIQ 5 SE,D041,Oklahoma City,OK,18250,Grounded,2026-01-12,,Grounded at Dealer_OO
VIN_XXXXXXXXXX567,2022,HYUNDAI,IONIQ 5 SE,D027,Nashville,TN,17150,Grounded,2025-10-20,,Grounded at Dealer_AA
VIN_XXXXXXXXXX568,2022,HYUNDAI,IONIQ 5 SE,D037,Boise,ID,14700,Grounded,2026-02-02,,Grounded at Dealer_KK
VIN_XXXXXXXXXX569,2024,HYUNDAI,IONIQ 5 SEL,D030,San Antonio,TX,21850,Grounded,2025-10-06,,Grounded at Dealer_DD
VIN_XXXXXXXXXX570,2024,HYUNDAI,IONIQ 5 SEL,D022,Minneapolis,MN,24700,Grounded,2025-11-17,,Grounded at Dealer_V
VIN_XXXXXXXXXX571,2023,HYUNDAI,IONIQ 5 Limited,D021,Pierre,SD,23850,Grounded,2026-01-26,,Grounded at Dealer_U
VIN_XXXXXXXXXX572,2024,HYUNDAI,IONIQ 5 SEL,D011,Des Moines,IA,22200,Grounded,2025-12-15,,Grounded at Dealer_K
VIN_XXXXXXXXXX573,2023,HYUNDAI,IONIQ 5 Limited,D047,Columbus,OH,22250,Grounded,2025-12-22,,Grounded at Dealer_UU
VIN_XXXXXXXXXX574,2022,HYUNDAI,IONIQ 5 SE,D041,Oklahoma City,OK,16250,Grounded,2025-11-24,,Grounded at Dealer_OO
VIN_XXXXXXXXXX575,2022,HYUNDAI,IONIQ 5 SE,D017,Juneau,AK,16000,Grounded,2025-10-20,,Grounded at Dealer_Q
VIN_XXXXXXXXXX576,2024,HYUNDAI,IONIQ 5 SEL,D050,Salem,OR,22650,Grounded,2025-12-15,,Grounded at Dealer_XX
VIN_XXXXXXXXXX577,2024,HYUNDAI,IONIQ 5 SEL,D008,Topeka,KS,25900,Grounded,2025-11-17,,Grounded at Dealer_H
VIN_XXXXXXXXXX578,2024,HYUNDAI,IONIQ 5 SEL,D017,Juneau,AK,26000,Grounded,2026-01-19,,Grounded at Dealer_Q
VIN_XXXXXXXXXX579,2023,HYUNDAI,IONIQ 5 Limited,D028,Kansas City,MO,17950,Grounded,2025-11-17,,Grounded at Dealer_BB
VIN_XXXXXXXXXX580,2022,HYUNDAI,IONIQ 5 SE,D036,San Diego,CA,13450,Grounded,2025-11-17,,Grounded at Dealer_JJ
VIN_XXXXXXXXXX581,2022,HYUNDAI,IONIQ 5 SE,D035,Denver,CO,16700,Grounded,2025-11-24,,Grounded at Dealer_II
VIN_XXXXXXXXXX582,2022,HYUNDAI,IONIQ 5 SE,D039,Buffalo,NY,18750,Grounded,2025-11-24,,Grounded at Dealer_MM
VIN_XXXXXXXXXX583,2023,HYUNDAI,IONIQ 5 Limited,D045,Tampa,FL,22550,Grounded,2025-11-03,,Grounded at Dealer_SS
VIN_XXXXXXXXXX584,2024,HYUNDAI,IONIQ 5 SEL,D047,Columbus,OH,24000,Grounded,2025-12-15,,Grounded at Dealer_UU
VIN_XXXXXXXXXX585,2022,HYUNDAI,IONIQ 5 SE,D015,Boston,MA,16650,Grounded,2025-10-20,,Grounded at Dealer_O
VIN_XXXXXXXXXX586,2024,HYUNDAI,IONIQ 5 SEL,D037,Boise,ID,21900,Grounded,2025-12-22,,Grounded at Dealer_KK
VIN_XXXXXXXXXX587,2022,HYUNDAI,IONIQ 5 SE,D013,Dallas,TX,14750,Grounded,2026-01-26,,Grounded at Dealer_M
VIN_XXXXXXXXXX588,2023,HYUNDAI,IONIQ 5 Limited,D007,Phoenix,AZ,21550,Grounded,2025-12-15,,Grounded at Dealer_G
VIN_XXXXXXXXXX589,2023,HYUNDAI,IONIQ 5 Limited,D026,Cheyenne,WY,20500,Grounded,2026-01-26,,Grounded at Dealer_Z
VIN_XXXXXXXXXX590,2023,HYUNDAI,IONIQ 5 Limited,D031,Salt Lake City,UT,20150,Grounded,2025-11-03,,Grounded at Dealer_EE
VIN_XXXXXXXXXX591,2023,HYUNDAI,IONIQ 5 Limited,D031,Salt Lake City,UT,18750,Grounded,2026-01-12,,Grounded at Dealer_EE
VIN_XXXXXXXXXX592,2024,HYUNDAI,IONIQ 5 SEL,D025,Indianapolis,IN,24900,Grounded,2025-11-03,,Grounded at Dealer_Y
VIN_XXXXXXXXXX593,2023,HYUNDAI,IONIQ 5 Limited,D041,Oklahoma City,OK,20150,Grounded,2025-11-24,,Grounded at Dealer_OO
VIN_XXXXXXXXXX594,2024,HYUNDAI,IONIQ 5 SEL,D012,Baton Rouge,LA,22050,Grounded,2025-11-10,,Grounded at Dealer_L
VIN_XXXXXXXXXX595,2024,HYUNDAI,IONIQ 5 SEL,D040,Little Rock,AR,25850,Grounded,2025-12-08,,Grounded at Dealer_NN
VIN_XXXXXXXXXX596,2022,HYUNDAI,IONIQ 5 SE,D039,Buffalo,NY,18650,Grounded,2025-10-20,,Grounded at Dealer_MM
VIN_XXXXXXXXXX597,2023,HYUNDAI,IONIQ 5 Limited,D030,San Antonio,TX,23950,Grounded,2026-01-26,,Grounded at Dealer_DD
VIN_XXXXXXXXXX598,2023,HYUNDAI,IONIQ 5 Limited,D026,Cheyenne,WY,19200,Grounded,2025-12-01,,Grounded at Dealer_Z
VIN_XXXXXXXXXX599,2023,HYUNDAI,IONIQ 5 Limited,D013,Dallas,TX,24050,Grounded,2025-10-20,,Grounded at Dealer_M
VIN_XXXXXXXXXX600,2022,HYUNDAI,IONIQ 5 SE,D005,Seattle,WA,16050,Grounded,2026-02-02,,Grounded at Dealer_E
VIN_XXXXXXXXXX601,2023,HYUNDAI,IONIQ 5 Limited,D005,Seattle,WA,19500,Grounded,2025-12-08,,Grounded at Dealer_E
VIN_XXXXXXXXXX602,2022,HYUNDAI,IONIQ 5 SE,D047,Columbus,OH,13650,Grounded,2025-11-10,,Grounded at Dealer_UU
VIN_XXXXXXXXXX603,2024,HYUNDAI,IONIQ 5 SEL,D002,Sacramento,CA,20950,Grounded,2025-12-08,,Grounded at Dealer_B
VIN_XXXXXXXXXX604,2024,HYUNDAI,IONIQ 5 SEL,D012,Baton Rouge,LA,24850,Grounded,2025-12-08,,Grounded at Dealer_L
VIN_XXXXXXXXXX605,2024,HYUNDAI,IONIQ 5 SEL,D031,Salt Lake City,UT,23100,Grounded,2025-10-06,,Grounded at Dealer_EE
VIN_XXXXXXXXXX606,2024,HYUNDAI,IONIQ 5 SEL,D046,Providence,RI,27050,Grounded,2025-11-17,,Grounded at Dealer_TT
VIN_XXXXXXXXXX607,2022,HYUNDAI,IONIQ 5 SE,D043,Bismarck,ND,17200,Grounded,2026-01-26,,Grounded at Dealer_QQ
VIN_XXXXXXXXXX608,2024,HYUNDAI,IONIQ 5 SEL,D023,Atlanta,GA,25650,Grounded,2025-10-20,,Grounded at Dealer_W
VIN_XXXXXXXXXX609,2022,HYUNDAI,IONIQ 5 SE,D008,Topeka,KS,15200,Grounded,2025-11-10,,Grounded at Dealer_H
VIN_XXXXXXXXXX610,2023,HYUNDAI,IONIQ 5 Limited,D001,Portland,OR,21450,Grounded,2026-01-19,,Grounded at Dealer_A
VIN_XXXXXXXXXX611,2023,HYUNDAI,IONIQ 5 Limited,D007,Phoenix,AZ,18150,Grounded,2025-11-03,,Grounded at Dealer_G
VIN_XXXXXXXXXX612,2023,HYUNDAI,IONIQ 5 Limited,D010,Philadelphia,PA,18850,Grounded,2025-12-08,,Grounded at Dealer_J
VIN_XXXXXXXXXX613,2022,HYUNDAI,IONIQ 5 SE,D032,Birmingham,AL,16550,Grounded,2026-01-26,,Grounded at Dealer_FF
VIN_XXXXXXXXXX614,2023,HYUNDAI,IONIQ 5 Limited,D049,Carson City,NV,25350,Grounded,2026-01-26,,Grounded at Dealer_WW
VIN_XXXXXXXXXX615,2024,HYUNDAI,IONIQ 5 SEL,D032,Birmingham,AL,23450,Grounded,2025-12-22,,Grounded at Dealer_FF
VIN_XXXXXXXXXX616,2023,HYUNDAI,IONIQ 5 Limited,D006,Olympia,WA,21300,Grounded,2025-12-15,,Grounded at Dealer_F
VIN_XXXXXXXXXX617,2022,HYUNDAI,IONIQ 5 SE,D015,Boston,MA,15050,Grounded,2025-10-20,,Grounded at Dealer_O
VIN_XXXXXXXXXX618,2023,HYUNDAI,IONIQ 5 Limited,D001,Portland,OR,19850,Grounded,2026-01-05,,Grounded at Dealer_A
VIN_XXXXXXXXXX619,2022,HYUNDAI,IONIQ 5 SE,D004,Charlotte,NC,17800,Grounded,2025-10-20,,Grounded at Dealer_D
VIN_XXXXXXXXXX620,2023,HYUNDAI,IONIQ 5 Limited,D021,Pierre,SD,18950,Grounded,2025-11-03,,Grounded at Dealer_U
VIN_XXXXXXXXXX621,2022,HYUNDAI,IONIQ 5 SE,D016,Richmond,VA,17800,Grounded,2025-11-24,,Grounded at Dealer_P
VIN_XXXXXXXXXX622,2022,HYUNDAI,IONIQ 5 SE,D001,Portland,OR,16700,Grounded,2026-01-26,,Grounded at Dealer_A
VIN_XXXXXXXXXX623,2024,HYUNDAI,IONIQ 5 SEL,D024,Helena,MT,24300,Grounded,2025-12-22,,Grounded at Dealer_X
VIN_XXXXXXXXXX624,2023,HYUNDAI,IONIQ 5 Limited,D049,Carson City,NV,21900,Grounded,2025-12-01,,Grounded at Dealer_WW
VIN_XXXXXXXXXX625,2023,HYUNDAI,IONIQ 5 Limited,D027,Nashville,TN,19850,Grounded,2025-11-24,,Grounded at Dealer_AA
VIN_XXXXXXXXXX626,2024,HYUNDAI,IONIQ 5 SEL,D031,Salt Lake City,UT,26700,Grounded,2025-10-20,,Grounded at Dealer_EE
VIN_XXXXXXXXXX627,2022,HYUNDAI,IONIQ 5 SE,D027,Nashville,TN,16900,Grounded,2025-12-01,,Grounded at Dealer_AA
VIN_XXXXXXXXXX628,2023,HYUNDAI,IONIQ 5 Limited,D002,Sacramento,CA,24700,Grounded,2025-10-13,,Grounded at Dealer_B
VIN_XXXXXXXXXX629,2024,HYUNDAI,IONIQ 5 SEL,D032,Birmingham,AL,22100,Grounded,2025-12-08,,Grounded at Dealer_FF
VIN_XXXXXXXXXX630,2024,HYUNDAI,IONIQ 5 SEL,D004,Charlotte,NC,20300,Grounded,2025-10-20,,Grounded at Dealer_D
VIN_XXXXXXXXXX631,2024,HYUNDAI,IONIQ 5 SEL,D049,Carson City,NV,24950,Grounded,2025-11-24,,Grounded at Dealer_WW
VIN_XXXXXXXXXX632,2023,HYUNDAI,IONIQ 5 Limited,D015,Boston,MA,26500,Grounded,2025-12-15,,Grounded at Dealer_O
VIN_XXXXXXXXXX633,2023,HYUNDAI,IONIQ 5 Limited,D008,Topeka,KS,20250,Grounded,2025-11-24,,Grounded at Dealer_H
VIN_XXXXXXXXXX634,2022,HYUNDAI,IONIQ 5 SE,D038,Miami,FL,16750,Grounded,2025-12-22,,Grounded at Dealer_LL
VIN_XXXXXXXXXX635,2022,HYUNDAI,IONIQ 5 SE,D050,Salem,OR,20550,Grounded,2025-10-13,,Grounded at Dealer_XX
VIN_XXXXXXXXXX636,2022,HYUNDAI,IONIQ 5 SE,D009,Charleston,SC,19800,Grounded,2025-12-22,,Grounded at Dealer_I
VIN_XXXXXXXXXX637,2023,HYUNDAI,IONIQ 5 Limited,D042,Milwaukee,WI,17100,Grounded,2025-10-27,,Grounded at Dealer_PP
VIN_XXXXXXXXXX638,2024,HYUNDAI,IONIQ 5 SEL,D026,Cheyenne,WY,25850,Grounded,2025-12-08,,Grounded at Dealer_Z
VIN_XXXXXXXXXX639,2023,HYUNDAI,IONIQ 5 Limited,D028,Kansas City,MO,20000,Grounded,2025-11-24,,Grounded at Dealer_BB
VIN_XXXXXXXXXX640,2023,HYUNDAI,IONIQ 5 Limited,D022,Minneapolis,MN,20700,Grounded,2026-01-05,,Grounded at Dealer_V
VIN_XXXXXXXXXX641,2024,HYUNDAI,IONIQ 5 SEL,D007,Phoenix,AZ,22000,Grounded,2025-10-27,,Grounded at Dealer_G
VIN_XXXXXXXXXX642,2022,HYUNDAI,IONIQ 5 SE,D030,San Antonio,TX,19100,Grounded,2025-10-20,,Grounded at Dealer_DD
VIN_XXXXXXXXXX643,2022,HYUNDAI,IONIQ 5 SE,D019,Detroit,MI,16400,Grounded,2025-12-01,,Grounded at Dealer_S
VIN_XXXXXXXXXX644,2024,HYUNDAI,IONIQ 5 SEL,D010,Philadelphia,PA,27800,Grounded,2025-10-13,,Grounded at Dealer_J
VIN_XXXXXXXXXX645,2023,HYUNDAI,IONIQ 5 Limited,D006,Olympia,WA,18300,Grounded,2026-01-26,,Grounded at Dealer_F
VIN_XXXXXXXXXX646,2024,HYUNDAI,IONIQ 5 SEL,D016,Richmond,VA,23450,Grounded,2025-11-24,,Grounded at Dealer_P
VIN_XXXXXXXXXX647,2022,HYUNDAI,IONIQ 5 SE,D015,Boston,MA,17100,Grounded,2026-01-26,,Grounded at Dealer_O
VIN_XXXXXXXXXX648,2022,HYUNDAI,IONIQ 5 SE,D010,Philadelphia,PA,15600,Grounded,2025-12-01,,Grounded at Dealer_J
VIN_XXXXXXXXXX649,2024,HYUNDAI,IONIQ 5 SEL,D038,Miami,FL,26750,Grounded,2025-11-17,,Grounded at Dealer_LL
VIN_XXXXXXXXXX650,2024,HYUNDAI,IONIQ 5 SEL,D036,San Diego,CA,27250,Grounded,2026-01-26,,Grounded at Dealer_JJ
